abudż,NG
abudża,NG
abudżach,NG
abudżami,NG
abudże,NG
abudżo,NG
abudżom,NG
abudży,NG
abudżą,NG
abudżę,NG
ad-dauh,QA
ad-dauha,QA
ad-dauhach,QA
ad-dauhami,QA
ad-dauho,QA
ad-dauhom,QA
ad-dauhy,QA
ad-dauhą,QA
ad-dauhę,QA
ad-dausze,QA
afganistan,AF
afganistanach,AF
afganistanami,AF
afganistanem,AF
afganistanie,AF
afganistanom,AF
afganistanowi,AF
afganistanu,AF
afganistany,AF
afganistanów,AF
afgańczycy,AF
afgańczyk,AF
afgańczyka,AF
afgańczykach,AF
afgańczykami,AF
afgańczyki,AF
afgańczykiem,AF
afgańczykom,AF
afgańczykowi,AF
afgańczyku,AF
afgańczyków,AF
akr,GH
akra,GH
akrach,GH
akrami,GH
akro,GH
akrom,GH
akry,GH
akrze,GH
akrą,GH
akrę,GH
albania,AL
albaniach,AL
albaniami,AL
albanie,AL
albanii,AL
albanio,AL
albaniom,AL
albanią,AL
albanię,AL
albańczycy,AL
albańczyk,AL
albańczyka,AL
albańczykach,AL
albańczykami,AL
albańczyki,AL
albańczykiem,AL
albańczykom,AL
albańczykowi,AL
albańczyku,AL
albańczyków,AL
algier,DZ
algierach,DZ
algierami,DZ
algierczycy,DZ
algierczyk,DZ
algierczyka,DZ
algierczykach,DZ
algierczykami,DZ
algierczyki,DZ
algierczykiem,DZ
algierczykom,DZ
algierczykowi,DZ
algierczyku,DZ
algierczyków,DZ
algierem,DZ
algieria,DZ
algieriach,DZ
algieriami,DZ
algierie,DZ
algierii,DZ
algierio,DZ
algieriom,DZ
algierią,DZ
algierię,DZ
algierom,DZ
algierowi,DZ
algieru,DZ
algiery,DZ
algierze,DZ
algierów,DZ
amerykanach,US
amerykanami,US
amerykanie,US
amerykanin,US
amerykanina,US
amerykaninem,US
amerykaninie,US
amerykaninowi,US
amerykanom,US
amerykany,US
amerykanów,US
amman,JO
ammanach,JO
ammanami,JO
ammanem,JO
ammanie,JO
ammanom,JO
ammanowi,JO
ammanu,JO
ammany,JO
ammanów,JO
amsterdam,NL
amsterdamach,NL
amsterdamami,NL
amsterdamem,NL
amsterdamie,NL
amsterdamom,NL
amsterdamowi,NL
amsterdamu,NL
amsterdamy,NL
amsterdamów,NL
andor,AD
andora,AD
andorach,AD
andorami,AD
andorczycy,AD
andorczyk,AD
andorczyka,AD
andorczykach,AD
andorczykami,AD
andorczyki,AD
andorczykiem,AD
andorczykom,AD
andorczykowi,AD
andorczyku,AD
andorczyków,AD
andoro,AD
andorom,AD
andory,AD
andorze,AD
andorą,AD
andorę,AD
anglia,GB
angliach,GB
angliami,GB
anglicy,GB
anglie,GB
anglii,GB
anglik,GB
anglika,GB
anglikach,GB
anglikami,GB
angliki,GB
anglikiem,GB
anglikom,GB
anglikowi,GB
angliku,GB
anglików,GB
anglio,GB
angliom,GB
anglią,GB
anglię,GB
angol,AO
angola,AO
angolach,AO
angolami,AO
angolczycy,AO
angolczyk,AO
angolczyka,AO
angolczykach,AO
angolczykami,AO
angolczyki,AO
angolczykiem,AO
angolczykom,AO
angolczykowi,AO
angolczyku,AO
angolczyków,AO
angole,AO
angoli,AO
angolo,AO
angolom,AO
angolą,AO
angolę,AO
ankar,TR
ankara,TR
ankarach,TR
ankarami,TR
ankaro,TR
ankarom,TR
ankary,TR
ankarze,TR
ankarą,TR
ankarę,TR
antananaryw,MG
antananarywa,MG
antananarywach,MG
antananarywami,MG
antananarywie,MG
antananarywo,MG
antananarywom,MG
antananarywy,MG
antananarywą,MG
antananarywę,MG
apia,WS
apiach,WS
apiami,WS
apie,WS
apii,WS
apio,WS
apiom,WS
apią,WS
apię,WS
argentyn,AR
argentyna,AR
argentynach,AR
argentynami,AR
argentynie,AR
argentyno,AR
argentynom,AR
argentyny,AR
argentyną,AR
argentynę,AR
argentyńczycy,AR
argentyńczyk,AR
argentyńczyka,AR
argentyńczykach,AR
argentyńczykami,AR
argentyńczyki,AR
argentyńczykiem,AR
argentyńczykom,AR
argentyńczykowi,AR
argentyńczyku,AR
argentyńczyków,AR
armenia,AM
armeniach,AM
armeniami,AM
armenie,AM
armenii,AM
armenio,AM
armeniom,AM
armenią,AM
armenię,AM
armeńczycy,AM
armeńczyk,AM
armeńczyka,AM
armeńczykach,AM
armeńczykami,AM
armeńczyki,AM
armeńczykiem,AM
armeńczykom,AM
armeńczykowi,AM
armeńczyku,AM
armeńczyków,AM
asmar,ER
asmara,ER
asmarach,ER
asmarami,ER
asmaro,ER
asmarom,ER
asmary,ER
asmarze,ER
asmarą,ER
asmarę,ER
astan,KZ
astana,KZ
astanach,KZ
astanami,KZ
astanie,KZ
astano,KZ
astanom,KZ
astany,KZ
astaną,KZ
astanę,KZ
asunción,PY
asunciónach,PY
asunciónami,PY
asunciónem,PY
asunciónie,PY
asunciónom,PY
asunciónowi,PY
asunciónu,PY
asuncióny,PY
asunciónów,PY
aszchabad,TM
aszchabadach,TM
aszchabadami,TM
aszchabadem,TM
aszchabadom,TM
aszchabadowi,TM
aszchabadu,TM
aszchabady,TM
aszchabadzie,TM
aszchabadów,TM
aten,GR
atenach,GR
atenami,GR
atenom,GR
ateny,GR
australia,AU
australiach,AU
australiami,AU
australie,AU
australii,AU
australijczycy,AU
australijczyk,AU
australijczyka,AU
australijczykach,AU
australijczykami,AU
australijczyki,AU
australijczykiem,AU
australijczykom,AU
australijczykowi,AU
australijczyku,AU
australijczyków,AU
australio,AU
australiom,AU
australią,AU
australię,AU
austria,AT
austriach,AT
austriacy,AT
austriak,AT
austriaka,AT
austriakach,AT
austriakami,AT
austriaki,AT
austriakiem,AT
austriakom,AT
austriakowi,AT
austriaku,AT
austriaków,AT
austriami,AT
austrie,AT
austrii,AT
austrio,AT
austriom,AT
austrią,AT
austrię,AT
azerbejdżan,AZ
azerbejdżan,AZ
azerbejdżanach,AZ
azerbejdżanach,AZ
azerbejdżanami,AZ
azerbejdżanami,AZ
azerbejdżanem,AZ
azerbejdżanie,AZ
azerbejdżanie,AZ
azerbejdżanin,AZ
azerbejdżanina,AZ
azerbejdżaninem,AZ
azerbejdżaninie,AZ
azerbejdżaninowi,AZ
azerbejdżanom,AZ
azerbejdżanom,AZ
azerbejdżanowi,AZ
azerbejdżanu,AZ
azerbejdżany,AZ
azerbejdżany,AZ
azerbejdżanów,AZ
bagdad,IQ
bagdadach,IQ
bagdadami,IQ
bagdadem,IQ
bagdadom,IQ
bagdadowi,IQ
bagdadu,IQ
bagdady,IQ
bagdadzie,IQ
bagdadów,IQ
bahamach,BS
bahamami,BS
bahamczycy,BS
bahamczyk,BS
bahamczyka,BS
bahamczykach,BS
bahamczykami,BS
bahamczyki,BS
bahamczykiem,BS
bahamczykom,BS
bahamczykowi,BS
bahamczyku,BS
bahamczyków,BS
bahamom,BS
bahamy,BS
bahamów,BS
bahrajn,BH
bahrajnach,BH
bahrajnami,BH
bahrajnem,BH
bahrajnie,BH
bahrajnom,BH
bahrajnowi,BH
bahrajnu,BH
bahrajny,BH
bahrajnów,BH
baku,AZ
bamako,ML
bandżul,GM
bandżulach,GM
bandżulami,GM
bandżule,GM
bandżulem,GM
bandżuli,GM
bandżulom,GM
bandżulowi,GM
bandżulu,GM
bangi,CF
bangkok,TH
bangkokach,TH
bangkokami,TH
bangkoki,TH
bangkokiem,TH
bangkokom,TH
bangkokowi,TH
bangkoku,TH
bangkoków,TH
bangladesz,BD
bangladeszach,BD
bangladeszami,BD
bangladesze,BD
bangladeszem,BD
bangladeszom,BD
bangladeszowi,BD
bangladeszu,BD
bangladeszów,BD
banglijczycy,BD
banglijczyk,BD
banglijczyka,BD
banglijczykach,BD
banglijczykami,BD
banglijczyki,BD
banglijczykiem,BD
banglijczykom,BD
banglijczykowi,BD
banglijczyku,BD
banglijczyków,BD
barbados,BB
barbadosach,BB
barbadosami,BB
barbadosem,BB
barbadosie,BB
barbadosom,BB
barbadosowi,BB
barbadosu,BB
barbadosy,BB
barbadosów,BB
basseterre,KN
bejrucie,LB
bejrut,LB
bejrutach,LB
bejrutami,LB
bejrutem,LB
bejrutom,LB
bejrutowi,LB
bejrutu,LB
bejruty,LB
bejrutów,LB
belgia,BE
belgiach,BE
belgiami,BE
belgie,BE
belgii,BE
belgio,BE
belgiom,BE
belgią,BE
belgię,BE
belgrad,XS
belgradach,XS
belgradami,XS
belgradem,XS
belgradom,XS
belgradowi,XS
belgradu,XS
belgrady,XS
belgradzie,XS
belgradów,XS
belize,BZ
belizeńczycy,BZ
belizeńczyk,BZ
belizeńczyka,BZ
belizeńczykach,BZ
belizeńczykami,BZ
belizeńczyki,BZ
belizeńczykiem,BZ
belizeńczykom,BZ
belizeńczykowi,BZ
belizeńczyku,BZ
belizeńczyków,BZ
belmopan,BZ
belmopanach,BZ
belmopanami,BZ
belmopanem,BZ
belmopanie,BZ
belmopanom,BZ
belmopanowi,BZ
belmopanu,BZ
belmopany,BZ
belmopanów,BZ
benin,BJ
beninach,BJ
beninami,BJ
beninem,BJ
beninie,BJ
beninom,BJ
beninowi,BJ
beninu,BJ
beniny,BJ
beninów,BJ
benińczycy,BJ
benińczyk,BJ
benińczyka,BJ
benińczykach,BJ
benińczykami,BJ
benińczyki,BJ
benińczykiem,BJ
benińczykom,BJ
benińczykowi,BJ
benińczyku,BJ
benińczyków,BJ
berlin,DE
berlina,DE
berlinach,DE
berlinami,DE
berlinem,DE
berlinie,DE
berlinom,DE
berlinowi,DE
berliny,DE
berlinów,DE
bern,CH
berna,CH
bernach,CH
bernami,CH
bernem,CH
bernie,CH
berno,CH
bernom,CH
bernu,CH
bhutan,BT
bhutanach,BT
bhutanami,BT
bhutanem,BT
bhutanie,BT
bhutanom,BT
bhutanowi,BT
bhutanu,BT
bhutany,BT
bhutanów,BT
bhutańczycy,BT
bhutańczyk,BT
bhutańczyka,BT
bhutańczykach,BT
bhutańczykami,BT
bhutańczyki,BT
bhutańczykiem,BT
bhutańczykom,BT
bhutańczykowi,BT
bhutańczyku,BT
bhutańczyków,BT
białorusi,BY
białorusiach,BY
białorusiami,BY
białorusie,BY
białorusin,BY
białorusina,BY
białorusinach,BY
białorusinami,BY
białorusinem,BY
białorusini,BY
białorusinie,BY
białorusinom,BY
białorusinowi,BY
białorusiny,BY
białorusinów,BY
białorusiom,BY
białorusią,BY
białoruś,BY
birm,MM
birma,MM
birmach,MM
birmami,MM
birmie,MM
birmo,MM
birmom,MM
birmy,MM
birmą,MM
birmę,MM
bissau,GN
biszkek,KG
biszkekach,KG
biszkekami,KG
biszkeki,KG
biszkekiem,KG
biszkekom,KG
biszkekowi,KG
biszkeku,KG
biszkeków,KG
bogocie,CO
bogot,CO
bogota,CO
bogotach,CO
bogotami,CO
bogoto,CO
bogotom,CO
bogoty,CO
bogotą,CO
bogotę,CO
boliwia,BO
boliwiach,BO
boliwiami,BO
boliwie,BO
boliwii,BO
boliwijczycy,BO
boliwijczyk,BO
boliwijczyka,BO
boliwijczykach,BO
boliwijczykami,BO
boliwijczyki,BO
boliwijczykiem,BO
boliwijczykom,BO
boliwijczykowi,BO
boliwijczyku,BO
boliwijczyków,BO
boliwio,BO
boliwiom,BO
boliwią,BO
boliwię,BO
botswan,BW
botswana,BW
botswanach,BW
botswanami,BW
botswanie,BW
botswano,BW
botswanom,BW
botswany,BW
botswaną,BW
botswanę,BW
botswańczycy,BW
botswańczyk,BW
botswańczyka,BW
botswańczykach,BW
botswańczykami,BW
botswańczyki,BW
botswańczykiem,BW
botswańczykom,BW
botswańczykowi,BW
botswańczyku,BW
botswańczyków,BW
brasília,BR
brasíliach,BR
brasíliami,BR
brasílie,BR
brasílii,BR
brasílio,BR
brasíliom,BR
brasílią,BR
brasílię,BR
bratysław,SK
bratysława,SK
bratysławach,SK
bratysławami,SK
bratysławie,SK
bratysławo,SK
bratysławom,SK
bratysławy,SK
bratysławą,SK
bratysławę,SK
brazylia,BR
brazyliach,BR
brazyliami,BR
brazylie,BR
brazylii,BR
brazylijczycy,BR
brazylijczyk,BR
brazylijczyka,BR
brazylijczykach,BR
brazylijczykami,BR
brazylijczyki,BR
brazylijczykiem,BR
brazylijczykom,BR
brazylijczykowi,BR
brazylijczyku,BR
brazylijczyków,BR
brazylio,BR
brazyliom,BR
brazylią,BR
brazylię,BR
brazzaville,CG
bridgetown,BB
bruksel,BE
bruksela,BE
brukselach,BE
brukselami,BE
bruksele,BE
brukseli,BE
brukselo,BE
brukselom,BE
brukselą,BE
brukselę,BE
brunejczycy,BN
brunejczyk,BN
brunejczyka,BN
brunejczykach,BN
brunejczykami,BN
brunejczyki,BN
brunejczykiem,BN
brunejczykom,BN
brunejczykowi,BN
brunejczyku,BN
brunejczyków,BN
brytyjczycy,GB
brytyjczyk,GB
brytyjczyka,GB
brytyjczykach,GB
brytyjczykami,GB
brytyjczyki,GB
brytyjczykiem,GB
brytyjczykom,GB
brytyjczykowi,GB
brytyjczyku,GB
brytyjczyków,GB
budapeszcie,HU
budapeszt,HU
budapesztach,HU
budapesztami,HU
budapesztem,HU
budapesztom,HU
budapesztowi,HU
budapesztu,HU
budapeszty,HU
budapesztów,HU
bukareszcie,RO
bukareszt,RO
bukaresztach,RO
bukaresztami,RO
bukaresztem,RO
bukaresztom,RO
bukaresztowi,RO
bukaresztu,RO
bukareszty,RO
bukaresztów,RO
burm,MM
burma,MM
burmach,MM
burmami,MM
burmie,MM
burmo,MM
burmom,MM
burmy,MM
burmą,MM
burmę,MM
burundi,BI
burundyjczycy,BI
burundyjczyk,BI
burundyjczyka,BI
burundyjczykach,BI
burundyjczykami,BI
burundyjczyki,BI
burundyjczykiem,BI
burundyjczykom,BI
burundyjczykowi,BI
burundyjczyku,BI
burundyjczyków,BI
bułgar,BG
bułgara,BG
bułgarach,BG
bułgarami,BG
bułgarem,BG
bułgaria,BG
bułgariach,BG
bułgariami,BG
bułgarie,BG
bułgarii,BG
bułgario,BG
bułgariom,BG
bułgarią,BG
bułgarię,BG
bułgarom,BG
bułgarowi,BG
bułgary,BG
bułgarze,BG
bułgarzy,BG
bułgarów,BG
bużumbur,BI
bużumbura,BI
bużumburach,BI
bużumburami,BI
bużumburo,BI
bużumburom,BI
bużumbury,BI
bużumburze,BI
bużumburą,BI
bużumburę,BI
canberr,AU
canberra,AU
canberrach,AU
canberrami,AU
canberro,AU
canberrom,AU
canberry,AU
canberrą,AU
canberrę,AU
canberze,AU
caracas,VE
castries,LC
chartum,SD
chartumach,SD
chartumami,SD
chartumem,SD
chartumie,SD
chartumom,SD
chartumowi,SD
chartumu,SD
chartumy,SD
chartumów,SD
chile,CL
chilijczycy,CL
chilijczyk,CL
chilijczyka,CL
chilijczykach,CL
chilijczykami,CL
chilijczyki,CL
chilijczykiem,CL
chilijczykom,CL
chilijczykowi,CL
chilijczyku,CL
chilijczyków,CL
chin,CN
chinach,CN
chinami,CN
chinom,CN
chiny,CN
chińczycy,CN
chińczyk,CN
chińczyka,CN
chińczykach,CN
chińczykami,CN
chińczyki,CN
chińczykiem,CN
chińczykom,CN
chińczykowi,CN
chińczyku,CN
chińczyków,CN
chorwaci,HR
chorwacie,HR
chorwacja,HR
chorwacjach,HR
chorwacjami,HR
chorwacje,HR
chorwacji,HR
chorwacjo,HR
chorwacjom,HR
chorwacją,HR
chorwację,HR
chorwat,HR
chorwata,HR
chorwatach,HR
chorwatami,HR
chorwatem,HR
chorwatom,HR
chorwatowi,HR
chorwaty,HR
chorwatów,HR
cypr,CY
cyprach,CY
cyprami,CY
cyprem,CY
cyprom,CY
cyprowi,CY
cypru,CY
cypry,CY
cypryjczycy,CY
cypryjczyk,CY
cypryjczyka,CY
cypryjczykach,CY
cypryjczykami,CY
cypryjczyki,CY
cypryjczykiem,CY
cypryjczykom,CY
cypryjczykowi,CY
cypryjczyku,CY
cypryjczyków,CY
cyprze,CY
cyprów,CY
czad,TD
czadach,TD
czadami,TD
czadem,TD
czadom,TD
czadowi,TD
czadu,TD
czady,TD
czadyjczycy,TD
czadyjczyk,TD
czadyjczyka,TD
czadyjczykach,TD
czadyjczykami,TD
czadyjczyki,TD
czadyjczykiem,TD
czadyjczykom,TD
czadyjczykowi,TD
czadyjczyku,TD
czadyjczyków,TD
czadzie,TD
czadów,TD
czarnogór,ME
czarnogóra,ME
czarnogórach,ME
czarnogórami,ME
czarnogóro,ME
czarnogórom,ME
czarnogóry,ME
czarnogórze,ME
czarnogórą,ME
czarnogórę,ME
czech,CZ
czech,CZ
czecha,CZ
czechach,CZ
czechach,CZ
czechami,CZ
czechami,CZ
czechem,CZ
czechom,CZ
czechom,CZ
czechowi,CZ
czechowie,CZ
czechu,CZ
czechy,CZ
czechy,CZ
czechów,CZ
czesi,CZ
dakar,SN
dakarach,SN
dakarami,SN
dakarem,SN
dakarom,SN
dakarowi,SN
dakaru,SN
dakary,SN
dakarze,SN
dakarów,SN
damaszek,SY
damaszkach,SY
damaszkami,SY
damaszki,SY
damaszkiem,SY
damaszkom,SY
damaszkowi,SY
damaszku,SY
damaszków,SY
dania,DK
daniach,DK
daniami,DK
danie,DK
danii,DK
danio,DK
daniom,DK
danią,DK
danię,DK
dhace,BD
dhak,BD
dhaka,BD
dhakach,BD
dhakami,BD
dhaki,BD
dhako,BD
dhakom,BD
dhaką,BD
dhakę,BD
dili,TL
dodom,TZ
dodoma,TZ
dodomach,TZ
dodomami,TZ
dodomie,TZ
dodomo,TZ
dodomom,TZ
dodomy,TZ
dodomą,TZ
dodomę,TZ
dominice,DM
dominik,DM
dominika,DM
dominikach,DM
dominikami,DM
dominikan,DO
dominikana,DO
dominikanach,DO
dominikanami,DO
dominikanie,DO
dominikano,DO
dominikanom,DO
dominikany,DO
dominikaną,DO
dominikanę,DO
dominikańczycy,DM
dominikańczyk,DM
dominikańczyka,DM
dominikańczykach,DM
dominikańczykami,DM
dominikańczyki,DM
dominikańczykiem,DM
dominikańczykom,DM
dominikańczykowi,DM
dominikańczyku,DM
dominikańczyków,DM
dominiki,DM
dominiko,DM
dominikom,DM
dominiką,DM
dominikę,DM
dublin,IE
dublina,IE
dublinach,IE
dublinami,IE
dublinem,IE
dublinie,IE
dublinom,IE
dublinowi,IE
dublinu,IE
dubliny,IE
dublinów,IE
duszanbe,TJ
duńczycy,DK
duńczyk,DK
duńczyka,DK
duńczykach,DK
duńczykami,DK
duńczyki,DK
duńczykiem,DK
duńczykom,DK
duńczykowi,DK
duńczyku,DK
duńczyków,DK
dżakarcie,ID
dżakart,ID
dżakarta,ID
dżakartach,ID
dżakartami,ID
dżakarto,ID
dżakartom,ID
dżakarty,ID
dżakartą,ID
dżakartę,ID
dżibuti,DJ
dżub,SS
dżuba,SS
dżubach,SS
dżubami,SS
dżubie,SS
dżubo,SS
dżubom,SS
dżuby,SS
dżubą,SS
dżubę,SS
egipcie,EG
egipcjan,EG
egipcjanach,EG
egipcjanami,EG
egipcjanie,EG
egipcjanin,EG
egipcjanina,EG
egipcjaninem,EG
egipcjaninie,EG
egipcjaninowi,EG
egipcjanom,EG
egipcjany,EG
egipt,EG
egiptach,EG
egiptami,EG
egiptem,EG
egiptom,EG
egiptowi,EG
egiptu,EG
egipty,EG
egiptów,EG
ekwador,EC
ekwadorach,EC
ekwadorami,EC
ekwadorczycy,EC
ekwadorczyk,EC
ekwadorczyka,EC
ekwadorczykach,EC
ekwadorczykami,EC
ekwadorczyki,EC
ekwadorczykiem,EC
ekwadorczykom,EC
ekwadorczykowi,EC
ekwadorczyku,EC
ekwadorczyków,EC
ekwadorem,EC
ekwadorom,EC
ekwadorowi,EC
ekwadoru,EC
ekwadory,EC
ekwadorze,EC
ekwadorów,EC
erytrea,ER
erytreach,ER
erytreami,ER
erytree,ER
erytrei,ER
erytrejczycy,ER
erytrejczyk,ER
erytrejczyka,ER
erytrejczykach,ER
erytrejczykami,ER
erytrejczyki,ER
erytrejczykiem,ER
erytrejczykom,ER
erytrejczykowi,ER
erytrejczyku,ER
erytrejczyków,ER
erytreo,ER
erytreom,ER
erytreą,ER
erytreę,ER
erywani,AM
erywania,AM
erywaniach,AM
erywaniami,AM
erywanie,AM
erywaniem,AM
erywaniom,AM
erywaniowi,AM
erywaniu,AM
erywaniów,AM
erywań,AM
estonia,EE
estoniach,EE
estoniami,EE
estonie,EE
estonii,EE
estonio,EE
estoniom,EE
estonią,EE
estonię,EE
estończycy,EE
estończyk,EE
estończyka,EE
estończykach,EE
estończykami,EE
estończyki,EE
estończykiem,EE
estończykom,EE
estończykowi,EE
estończyku,EE
estończyków,EE
etiopczycy,ET
etiopczyk,ET
etiopczyka,ET
etiopczykach,ET
etiopczykami,ET
etiopczyki,ET
etiopczykiem,ET
etiopczykom,ET
etiopczykowi,ET
etiopczyku,ET
etiopczyków,ET
etiopia,ET
etiopiach,ET
etiopiami,ET
etiopie,ET
etiopii,ET
etiopio,ET
etiopiom,ET
etiopią,ET
etiopię,ET
fidżi,FJ
fidżyjczycy,FJ
fidżyjczyk,FJ
fidżyjczyka,FJ
fidżyjczykach,FJ
fidżyjczykami,FJ
fidżyjczyki,FJ
fidżyjczykiem,FJ
fidżyjczykom,FJ
fidżyjczykowi,FJ
fidżyjczyku,FJ
fidżyjczyków,FJ
filipin,PH
filipinach,PH
filipinami,PH
filipinom,PH
filipiny,PH
filipińczycy,PH
filipińczyk,PH
filipińczyka,PH
filipińczykach,PH
filipińczykami,PH
filipińczyki,PH
filipińczykiem,PH
filipińczykom,PH
filipińczykowi,PH
filipińczyku,PH
filipińczyków,PH
fin,FI
fina,FI
finach,FI
finami,FI
finem,FI
finie,FI
finlandczycy,FI
finlandczyk,FI
finlandczyka,FI
finlandczykach,FI
finlandczykami,FI
finlandczyki,FI
finlandczykiem,FI
finlandczykom,FI
finlandczykowi,FI
finlandczyku,FI
finlandczyków,FI
finlandia,FI
finlandiach,FI
finlandiami,FI
finlandie,FI
finlandii,FI
finlandio,FI
finlandiom,FI
finlandią,FI
finlandię,FI
finom,FI
finowi,FI
finowie,FI
finy,FI
finów,FI
francja,FR
francjach,FR
francjami,FR
francje,FR
francji,FR
francjo,FR
francjom,FR
francją,FR
francję,FR
francuz,FR
francuza,FR
francuzach,FR
francuzami,FR
francuzem,FR
francuzi,FR
francuzie,FR
francuzom,FR
francuzowi,FR
francuzy,FR
francuzów,FR
freetown,SL
gabon,GA
gabonach,GA
gabonami,GA
gabonem,GA
gabonie,GA
gabonom,GA
gabonowi,GA
gabonu,GA
gabony,GA
gabonów,GA
gaborone,BW
gabończycy,GA
gabończyk,GA
gabończyka,GA
gabończykach,GA
gabończykami,GA
gabończyki,GA
gabończykiem,GA
gabończykom,GA
gabończykowi,GA
gabończyku,GA
gabończyków,GA
gambia,GM
gambiach,GM
gambiami,GM
gambie,GM
gambii,GM
gambijczycy,GM
gambijczyk,GM
gambijczyka,GM
gambijczykach,GM
gambijczykami,GM
gambijczyki,GM
gambijczykiem,GM
gambijczykom,GM
gambijczykowi,GM
gambijczyku,GM
gambijczyków,GM
gambio,GM
gambiom,GM
gambią,GM
gambię,GM
georgetown,GY
ghan,GH
ghana,GH
ghanach,GH
ghanami,GH
ghanie,GH
ghano,GH
ghanom,GH
ghany,GH
ghaną,GH
ghanę,GH
ghańczycy,GH
ghańczyk,GH
ghańczyka,GH
ghańczykach,GH
ghańczykami,GH
ghańczyki,GH
ghańczykiem,GH
ghańczykom,GH
ghańczykowi,GH
ghańczyku,GH
ghańczyków,GH
grecja,GR
grecjach,GR
grecjami,GR
grecje,GR
grecji,GR
grecjo,GR
grecjom,GR
grecją,GR
grecję,GR
grecy,GR
grek,GR
greka,GR
grekach,GR
grekami,GR
greki,GR
grekiem,GR
grekom,GR
grekowi,GR
greku,GR
greków,GR
grenad,GD
grenada,GD
grenadach,GD
grenadami,GD
grenado,GD
grenadom,GD
grenady,GD
grenadzie,GD
grenadą,GD
grenadę,GD
gruzin,GE
gruzina,GE
gruzinach,GE
gruzinami,GE
gruzinem,GE
gruzini,GE
gruzinie,GE
gruzinom,GE
gruzinowi,GE
gruziny,GE
gruzinów,GE
gruzja,GE
gruzjach,GE
gruzjami,GE
gruzje,GE
gruzji,GE
gruzjo,GE
gruzjom,GE
gruzją,GE
gruzję,GE
gujan,GY
gujana,GY
gujanach,GY
gujanami,GY
gujanie,GY
gujano,GY
gujanom,GY
gujany,GY
gujaną,GY
gujanę,GY
gujańczycy,GY
gujańczyk,GY
gujańczyka,GY
gujańczykach,GY
gujańczykami,GY
gujańczyki,GY
gujańczykiem,GY
gujańczykom,GY
gujańczykowi,GY
gujańczyku,GY
gujańczyków,GY
gwatemal,GT
gwatemala,GT
gwatemalach,GT
gwatemalami,GT
gwatemalczycy,GT
gwatemalczyk,GT
gwatemalczyka,GT
gwatemalczykach,GT
gwatemalczykami,GT
gwatemalczyki,GT
gwatemalczykiem,GT
gwatemalczykom,GT
gwatemalczykowi,GT
gwatemalczyku,GT
gwatemalczyków,GT
gwatemale,GT
gwatemali,GT
gwatemalo,GT
gwatemalom,GT
gwatemalą,GT
gwatemalę,GT
gwinea,GN
gwineach,GN
gwineami,GN
gwinee,GN
gwinei,GN
gwinejczycy,GN
gwinejczyk,GN
gwinejczyka,GN
gwinejczykach,GN
gwinejczykami,GN
gwinejczyki,GN
gwinejczykiem,GN
gwinejczykom,GN
gwinejczykowi,GN
gwinejczyku,GN
gwinejczyków,GN
gwineo,GN
gwineom,GN
gwineą,GN
gwineę,GN
haitańczycy,HT
haitańczyk,HT
haitańczyka,HT
haitańczykach,HT
haitańczykami,HT
haitańczyki,HT
haitańczykiem,HT
haitańczykom,HT
haitańczykowi,HT
haitańczyku,HT
haitańczyków,HT
haiti,HT
hanoi,VN
harare,ZW
hawan,CU
hawana,CU
hawanach,CU
hawanami,CU
hawanie,CU
hawano,CU
hawanom,CU
hawany,CU
hawaną,CU
hawanę,CU
helsinek,FI
helsinkach,FI
helsinkami,FI
helsinki,FI
helsinkom,FI
hindus,IN
hindusa,IN
hindusach,IN
hindusami,IN
hindusem,IN
hindusi,IN
hindusie,IN
hindusom,IN
hindusowi,IN
hindusy,IN
hindusów,IN
hiszpan,ES
hiszpana,ES
hiszpanach,ES
hiszpanami,ES
hiszpanem,ES
hiszpania,ES
hiszpaniach,ES
hiszpaniami,ES
hiszpanie,ES
hiszpanie,ES
hiszpanii,ES
hiszpanio,ES
hiszpaniom,ES
hiszpanią,ES
hiszpanię,ES
hiszpanom,ES
hiszpanowi,ES
hiszpany,ES
hiszpanów,ES
holandia,NL
holandiach,NL
holandiami,NL
holandie,NL
holandii,NL
holandio,NL
holandiom,NL
holandią,NL
holandię,NL
holender,NL
holendra,NL
holendrach,NL
holendrami,NL
holendrem,NL
holendrom,NL
holendrowi,NL
holendrowie,NL
holendry,NL
holendrze,NL
holendrzy,NL
holendrów,NL
honduran,HN
honduranach,HN
honduranami,HN
honduranie,HN
honduranin,HN
honduranina,HN
honduraninem,HN
honduraninie,HN
honduraninowi,HN
honduranom,HN
hondurany,HN
honduras,HN
hondurasach,HN
hondurasami,HN
hondurasem,HN
hondurasie,HN
hondurasom,HN
hondurasowi,HN
hondurasu,HN
hondurasy,HN
hondurasów,HN
honiar,SB
honiara,SB
honiarach,SB
honiarami,SB
honiaro,SB
honiarom,SB
honiary,SB
honiarze,SB
honiarą,SB
honiarę,SB
indiach,IN
indiami,IN
indie,IN
indii,IN
indiom,IN
indonezja,ID
indonezjach,ID
indonezjami,ID
indonezje,ID
indonezji,ID
indonezjo,ID
indonezjom,ID
indonezją,ID
indonezję,ID
indonezyjczycy,ID
indonezyjczyk,ID
indonezyjczyka,ID
indonezyjczykach,ID
indonezyjczykami,ID
indonezyjczyki,ID
indonezyjczykiem,ID
indonezyjczykom,ID
indonezyjczykowi,ID
indonezyjczyku,ID
indonezyjczyków,ID
indus,IN
indusa,IN
indusach,IN
indusami,IN
indusem,IN
indusi,IN
indusie,IN
indusom,IN
indusowi,IN
indusu,IN
indusy,IN
indusów,IN
irak,IQ
irakach,IQ
irakami,IQ
iraki,IQ
irakiem,IQ
irakijczycy,IQ
irakijczyk,IQ
irakijczyka,IQ
irakijczykach,IQ
irakijczykami,IQ
irakijczyki,IQ
irakijczykiem,IQ
irakijczykom,IQ
irakijczykowi,IQ
irakijczyku,IQ
irakijczyków,IQ
irakom,IQ
irakowi,IQ
iraku,IQ
iraków,IQ
iran,IR
iranach,IR
iranami,IR
iranem,IR
iranie,IR
iranom,IR
iranowi,IR
iranu,IR
irany,IR
iranów,IR
irańczycy,IR
irańczyk,IR
irańczyka,IR
irańczykach,IR
irańczykami,IR
irańczyki,IR
irańczykiem,IR
irańczykom,IR
irańczykowi,IR
irańczyku,IR
irańczyków,IR
irlandczycy,IE
irlandczyk,IE
irlandczyka,IE
irlandczykach,IE
irlandczykami,IE
irlandczyki,IE
irlandczykiem,IE
irlandczykom,IE
irlandczykowi,IE
irlandczyku,IE
irlandczyków,IE
irlandia,IE
irlandiach,IE
irlandiami,IE
irlandie,IE
irlandii,IE
irlandio,IE
irlandiom,IE
irlandią,IE
irlandię,IE
islamabad,PK
islamabadach,PK
islamabadami,PK
islamabadem,PK
islamabadom,PK
islamabadowi,PK
islamabadu,PK
islamabady,PK
islamabadzie,PK
islamabadów,PK
islandczycy,IS
islandczyk,IS
islandczyka,IS
islandczykach,IS
islandczykami,IS
islandczyki,IS
islandczykiem,IS
islandczykom,IS
islandczykowi,IS
islandczyku,IS
islandczyków,IS
islandia,IS
islandiach,IS
islandiami,IS
islandie,IS
islandii,IS
islandio,IS
islandiom,IS
islandią,IS
islandię,IS
izrael,IL
izraela,IL
izraelach,IL
izraelami,IL
izraelczycy,IL
izraelczyk,IL
izraelczyka,IL
izraelczykach,IL
izraelczykami,IL
izraelczyki,IL
izraelczykiem,IL
izraelczykom,IL
izraelczykowi,IL
izraelczyku,IL
izraelczyków,IL
izraele,IL
izraelem,IL
izraeli,IL
izraelom,IL
izraelowi,IL
izraelowie,IL
izraelu,IL
izraelów,IL
jamajce,JM
jamajczycy,JM
jamajczyk,JM
jamajczyka,JM
jamajczykach,JM
jamajczykami,JM
jamajczyki,JM
jamajczykiem,JM
jamajczykom,JM
jamajczykowi,JM
jamajczyku,JM
jamajczyków,JM
jamajek,JM
jamajka,JM
jamajkach,JM
jamajkami,JM
jamajki,JM
jamajko,JM
jamajkom,JM
jamajką,JM
jamajkę,JM
japonia,JP
japoniach,JP
japoniami,JP
japonie,JP
japonii,JP
japonio,JP
japoniom,JP
japonią,JP
japonię,JP
japończycy,JP
japończyk,JP
japończyka,JP
japończykach,JP
japończykami,JP
japończyki,JP
japończykiem,JP
japończykom,JP
japończykowi,JP
japończyku,JP
japończyków,JP
jaunde,CM
jemen,YE
jemenach,YE
jemenami,YE
jemenem,YE
jemenie,YE
jemenom,YE
jemenowi,YE
jemenu,YE
jemeny,YE
jemenów,YE
jemeńczycy,YE
jemeńczyk,YE
jemeńczyka,YE
jemeńczykach,YE
jemeńczykami,YE
jemeńczyki,YE
jemeńczykiem,YE
jemeńczykom,YE
jemeńczykowi,YE
jemeńczyku,YE
jemeńczyków,YE
jerozolim,IL
jerozolima,IL
jerozolimach,IL
jerozolimami,IL
jerozolimie,IL
jerozolimo,IL
jerozolimom,IL
jerozolimy,IL
jerozolimą,IL
jerozolimę,IL
jordania,JO
jordaniach,JO
jordaniami,JO
jordanie,JO
jordanii,JO
jordanio,JO
jordaniom,JO
jordanią,JO
jordanię,JO
jordańczycy,JO
jordańczyk,JO
jordańczyka,JO
jordańczykach,JO
jordańczykami,JO
jordańczyki,JO
jordańczykiem,JO
jordańczykom,JO
jordańczykowi,JO
jordańczyku,JO
jordańczyków,JO
kabul,AF
kabulach,AF
kabulami,AF
kabule,AF
kabulem,AF
kabuli,AF
kabulom,AF
kabulowi,AF
kabulu,AF
kabulów,AF
kair,EG
kairach,EG
kairami,EG
kairem,EG
kairom,EG
kairowi,EG
kairu,EG
kairy,EG
kairze,EG
kairów,EG
kambodż,KH
kambodża,KH
kambodżach,KH
kambodżami,KH
kambodżan,KH
kambodżanach,KH
kambodżanami,KH
kambodżanie,KH
kambodżanin,KH
kambodżanina,KH
kambodżaninem,KH
kambodżaninie,KH
kambodżaninowi,KH
kambodżanom,KH
kambodżany,KH
kambodże,KH
kambodżo,KH
kambodżom,KH
kambodży,KH
kambodżą,KH
kambodżę,KH
kamerun,CM
kamerunach,CM
kamerunami,CM
kamerunem,CM
kamerunie,CM
kamerunom,CM
kamerunowi,CM
kamerunu,CM
kameruny,CM
kamerunów,CM
kameruńczycy,CM
kameruńczyk,CM
kameruńczyka,CM
kameruńczykach,CM
kameruńczykami,CM
kameruńczyki,CM
kameruńczykiem,CM
kameruńczykom,CM
kameruńczykowi,CM
kameruńczyku,CM
kameruńczyków,CM
kampal,UG
kampala,UG
kampalach,UG
kampalami,UG
kampale,UG
kampali,UG
kampalo,UG
kampalom,UG
kampalą,UG
kampalę,UG
kanad,CA
kanada,CA
kanadach,CA
kanadami,CA
kanado,CA
kanadom,CA
kanady,CA
kanadyjczycy,CA
kanadyjczyk,CA
kanadyjczyka,CA
kanadyjczykach,CA
kanadyjczykami,CA
kanadyjczyki,CA
kanadyjczykiem,CA
kanadyjczykom,CA
kanadyjczykowi,CA
kanadyjczyku,CA
kanadyjczyków,CA
kanadzie,CA
kanadą,CA
kanadę,CA
katar,QA
katarach,QA
katarami,QA
katarczycy,QA
katarczyk,QA
katarczyka,QA
katarczykach,QA
katarczykami,QA
katarczyki,QA
katarczykiem,QA
katarczykom,QA
katarczykowi,QA
katarczyku,QA
katarczyków,QA
katarem,QA
katarom,QA
katarowi,QA
kataru,QA
katary,QA
katarze,QA
katarów,QA
katmandu,NP
kazachstan,KZ
kazachstanach,KZ
kazachstanami,KZ
kazachstanem,KZ
kazachstanie,KZ
kazachstanom,KZ
kazachstanowi,KZ
kazachstanu,KZ
kazachstany,KZ
kazachstanów,KZ
kenia,KE
keniach,KE
keniami,KE
kenie,KE
kenii,KE
kenijczycy,KE
kenijczyk,KE
kenijczyka,KE
kenijczykach,KE
kenijczykami,KE
kenijczyki,KE
kenijczykiem,KE
kenijczykom,KE
kenijczykowi,KE
kenijczyku,KE
kenijczyków,KE
kenio,KE
keniom,KE
kenią,KE
kenię,KE
kijowa,UA
kijowach,UA
kijowami,UA
kijowem,UA
kijowie,UA
kijowom,UA
kijowowi,UA
kijowy,UA
kijowów,UA
kijów,UA
kingston,JM
kingstown,VC
kinszas,CG
kinszasa,CG
kinszasach,CG
kinszasami,CG
kinszasie,CG
kinszaso,CG
kinszasom,CG
kinszasy,CG
kinszasą,CG
kinszasę,CG
kirgistan,KG
kirgistanach,KG
kirgistanami,KG
kirgistanem,KG
kirgistanie,KG
kirgistanom,KG
kirgistanowi,KG
kirgistanu,KG
kirgistany,KG
kirgistanów,KG
kiribati,KI
kiribatyjczycy,KI
kiribatyjczyk,KI
kiribatyjczyka,KI
kiribatyjczykach,KI
kiribatyjczykami,KI
kiribatyjczyki,KI
kiribatyjczykiem,KI
kiribatyjczykom,KI
kiribatyjczykowi,KI
kiribatyjczyku,KI
kiribatyjczyków,KI
kiszyniowa,MD
kiszyniowach,MD
kiszyniowami,MD
kiszyniowem,MD
kiszyniowie,MD
kiszyniowom,MD
kiszyniowowi,MD
kiszyniowy,MD
kiszyniowów,MD
kiszyniów,MD
kolumbia,CO
kolumbiach,CO
kolumbiami,CO
kolumbie,CO
kolumbii,CO
kolumbijczycy,CO
kolumbijczyk,CO
kolumbijczyka,CO
kolumbijczykach,CO
kolumbijczykami,CO
kolumbijczyki,CO
kolumbijczykiem,CO
kolumbijczykom,CO
kolumbijczykowi,CO
kolumbijczyku,CO
kolumbijczyków,CO
kolumbio,CO
kolumbiom,CO
kolumbią,CO
kolumbię,CO
komorach,KM
komorami,KM
komorom,KM
komory,KM
komoryjczycy,KM
komoryjczyk,KM
komoryjczyka,KM
komoryjczykach,KM
komoryjczykami,KM
komoryjczyki,KM
komoryjczykiem,KM
komoryjczykom,KM
komoryjczykowi,KM
komoryjczyku,KM
komoryjczyków,KM
komorów,KM
konakry,GN
kong,CG
konga,CG
kongach,CG
kongami,CG
kongiem,CG
kongijczycy,CG
kongijczyk,CG
kongijczyka,CG
kongijczykach,CG
kongijczykami,CG
kongijczyki,CG
kongijczykiem,CG
kongijczykom,CG
kongijczykowi,CG
kongijczyku,CG
kongijczyków,CG
kongo,CG
kongom,CG
kongu,CG
kopenhadze,DK
kopenhag,DK
kopenhaga,DK
kopenhagach,DK
kopenhagami,DK
kopenhagi,DK
kopenhago,DK
kopenhagom,DK
kopenhagą,DK
kopenhagę,DK
koreańczycy,KP
koreańczyk,KP
koreańczyka,KP
koreańczykach,KP
koreańczykami,KP
koreańczyki,KP
koreańczykiem,KP
koreańczykom,KP
koreańczykowi,KP
koreańczyku,KP
koreańczyków,KP
kosow,XK
kosowa,XK
kosowach,XK
kosowami,XK
kosowem,XK
kosowian,XK
kosowianach,XK
kosowianami,XK
kosowianie,XK
kosowianin,XK
kosowianina,XK
kosowianinem,XK
kosowianinie,XK
kosowianinowi,XK
kosowianom,XK
kosowiany,XK
kosowie,XK
kosowo,XK
kosowom,XK
kosowu,XK
kosowów,XK
kostaryce,CR
kostaryk,CR
kostaryka,CR
kostarykach,CR
kostarykami,CR
kostarykan,CR
kostarykanach,CR
kostarykanami,CR
kostarykanie,CR
kostarykanin,CR
kostarykanina,CR
kostarykaninem,CR
kostarykaninie,CR
kostarykaninowi,CR
kostarykanom,CR
kostarykany,CR
kostarykanów,CR
kostaryki,CR
kostaryko,CR
kostarykom,CR
kostaryką,CR
kostarykę,CR
kosów,XK
kub,CU
kuba,CU
kubach,CU
kubami,CU
kubańczycy,CU
kubańczyk,CU
kubańczyka,CU
kubańczykach,CU
kubańczykami,CU
kubańczyki,CU
kubańczykiem,CU
kubańczykom,CU
kubańczykowi,CU
kubańczyku,CU
kubańczyków,CU
kubie,CU
kubo,CU
kubom,CU
kubowie,CU
kuby,CU
kubów,CU
kubą,CU
kubę,CU
kuwejcie,KQ
kuwejt,KQ
kuwejtach,KQ
kuwejtami,KQ
kuwejtczycy,KQ
kuwejtczyk,KQ
kuwejtczyka,KQ
kuwejtczykach,KQ
kuwejtczykami,KQ
kuwejtczyki,KQ
kuwejtczykiem,KQ
kuwejtczykom,KQ
kuwejtczykowi,KQ
kuwejtczyku,KQ
kuwejtczyków,KQ
kuwejtem,KQ
kuwejtom,KQ
kuwejtowi,KQ
kuwejtu,KQ
kuwejty,KQ
kuwejtów,KQ
lankijczycy,LK
lankijczyk,LK
lankijczyka,LK
lankijczykach,LK
lankijczykami,LK
lankijczyki,LK
lankijczykiem,LK
lankijczykom,LK
lankijczykowi,LK
lankijczyku,LK
lankijczyków,LK
laos,LA
laosach,LA
laosami,LA
laosem,LA
laosie,LA
laosom,LA
laosowi,LA
laosu,LA
laosy,LA
laosów,LA
laotańczycy,LA
laotańczyk,LA
laotańczyka,LA
laotańczykach,LA
laotańczykami,LA
laotańczyki,LA
laotańczykiem,LA
laotańczykom,LA
laotańczykowi,LA
laotańczyku,LA
laotańczyków,LA
lesotho,LS
lesotyjczycy,LS
lesotyjczyk,LS
lesotyjczyka,LS
lesotyjczykach,LS
lesotyjczykami,LS
lesotyjczyki,LS
lesotyjczykiem,LS
lesotyjczykom,LS
lesotyjczykowi,LS
lesotyjczyku,LS
lesotyjczyków,LS
liban,LB
libanach,LB
libanami,LB
libanem,LB
libanie,LB
libanom,LB
libanowi,LB
libanu,LB
libany,LB
libanów,LB
libańczycy,LB
libańczyk,LB
libańczyka,LB
libańczykach,LB
libańczykami,LB
libańczyki,LB
libańczykiem,LB
libańczykom,LB
libańczykowi,LB
libańczyku,LB
libańczyków,LB
liberia,LR
liberiach,LR
liberiami,LR
liberie,LR
liberii,LR
liberio,LR
liberiom,LR
liberią,LR
liberię,LR
liberyjczycy,LR
liberyjczyk,LR
liberyjczyka,LR
liberyjczykach,LR
liberyjczykami,LR
liberyjczyki,LR
liberyjczykiem,LR
liberyjczykom,LR
liberyjczykowi,LR
liberyjczyku,LR
liberyjczyków,LR
libia,LY
libiach,LY
libiami,LY
libie,LY
libii,LY
libijczycy,LY
libijczyk,LY
libijczyka,LY
libijczykach,LY
libijczykami,LY
libijczyki,LY
libijczykiem,LY
libijczykom,LY
libijczykowi,LY
libijczyku,LY
libijczyków,LY
libio,LY
libiom,LY
libią,LY
libię,LY
libreville,GA
liechtenstein,LI
liechtensteina,LI
liechtensteinach,LI
liechtensteinami,LI
liechtensteinem,LI
liechtensteinie,LI
liechtensteinom,LI
liechtensteinowi,LI
liechtensteinowie,LI
liechtensteinu,LI
liechtensteiny,LI
liechtensteinów,LI
lilongwe,MW
lim,PE
lima,PE
limach,PE
limami,PE
limie,PE
limo,PE
limom,PE
limy,PE
limą,PE
limę,PE
litw,LY
litwa,LY
litwach,LY
litwami,LY
litwie,LY
litwin,LY
litwina,LY
litwinach,LY
litwinami,LY
litwinem,LY
litwini,LY
litwinie,LY
litwinom,LY
litwinowi,LY
litwiny,LY
litwinów,LY
litwo,LY
litwom,LY
litwy,LY
litwą,LY
litwę,LY
lizbon,PT
lizbona,PT
lizbonach,PT
lizbonami,PT
lizbonie,PT
lizbono,PT
lizbonom,PT
lizbony,PT
lizboną,PT
lizbonę,PT
lomé,TG
londyn,GB
londynach,GB
londynami,GB
londynem,GB
londynie,GB
londynom,GB
londynowi,GB
londynu,GB
londyny,GB
londynów,GB
luand,AO
luanda,AO
luandach,AO
luandami,AO
luando,AO
luandom,AO
luandy,AO
luandzie,AO
luandą,AO
luandę,AO
lublan,SI
lublana,SI
lublanach,SI
lublanami,SI
lublanie,SI
lublano,SI
lublanom,SI
lublany,SI
lublaną,SI
lublanę,SI
luksemburczycy,LU
luksemburczyk,LU
luksemburczyka,LU
luksemburczykach,LU
luksemburczykami,LU
luksemburczyki,LU
luksemburczykiem,LU
luksemburczykom,LU
luksemburczykowi,LU
luksemburczyku,LU
luksemburczyków,LU
luksemburg,LU
luksemburga,LU
luksemburgach,LU
luksemburgami,LU
luksemburgi,LU
luksemburgiem,LU
luksemburgom,LU
luksemburgowi,LU
luksemburgowie,LU
luksemburgu,LU
luksemburgów,LU
lusace,ZM
lusak,ZM
lusaka,ZM
lusakach,ZM
lusakami,ZM
lusaki,ZM
lusako,ZM
lusakom,ZM
lusaką,ZM
lusakę,ZM
macedonia,MK
macedoniach,MK
macedoniami,MK
macedonie,MK
macedonii,MK
macedonio,MK
macedoniom,MK
macedonią,MK
macedonię,MK
macedończycy,MK
macedończyk,MK
macedończyka,MK
macedończykach,MK
macedończykami,MK
macedończyki,MK
macedończykiem,MK
macedończykom,MK
macedończykowi,MK
macedończyku,MK
macedończyków,MK
madagaskar,MG
madagaskarach,MG
madagaskarami,MG
madagaskarczycy,MG
madagaskarczyk,MG
madagaskarczyka,MG
madagaskarczykach,MG
madagaskarczykami,MG
madagaskarczyki,MG
madagaskarczykiem,MG
madagaskarczykom,MG
madagaskarczykowi,MG
madagaskarczyku,MG
madagaskarczyków,MG
madagaskarem,MG
madagaskarom,MG
madagaskarowi,MG
madagaskaru,MG
madagaskary,MG
madagaskarze,MG
madagaskarów,MG
madrycie,ES
madryt,ES
madrytach,ES
madrytami,ES
madrytem,ES
madrytom,ES
madrytowi,ES
madrytu,ES
madryty,ES
madrytów,ES
malabo,GN
malawi,MW
malawijczycy,MW
malawijczyk,MW
malawijczyka,MW
malawijczykach,MW
malawijczykami,MW
malawijczyki,MW
malawijczykiem,MW
malawijczykom,MW
malawijczykowi,MW
malawijczyku,MW
malawijczyków,MW
malcie,MT
male,MV
malediwach,MV
malediwami,MV
malediwczycy,MV
malediwczyk,MV
malediwczyka,MV
malediwczykach,MV
malediwczykami,MV
malediwczyki,MV
malediwczykiem,MV
malediwczykom,MV
malediwczykowi,MV
malediwczyku,MV
malediwczyków,MV
malediwom,MV
malediwy,MV
malediwów,MV
malezja,MY
malezjach,MY
malezjami,MY
malezje,MY
malezji,MY
malezjo,MY
malezjom,MY
malezją,MY
malezję,MY
malezyjczycy,MY
malezyjczyk,MY
malezyjczyka,MY
malezyjczykach,MY
malezyjczykami,MY
malezyjczyki,MY
malezyjczykiem,MY
malezyjczykom,MY
malezyjczykowi,MY
malezyjczyku,MY
malezyjczyków,MY
mali,ML
malijczycy,ML
malijczyk,ML
malijczyka,ML
malijczykach,ML
malijczykami,ML
malijczyki,ML
malijczykiem,ML
malijczykom,ML
malijczykowi,ML
malijczyku,ML
malijczyków,ML
malt,MT
malta,MT
maltach,MT
maltami,MT
maltańczycy,MT
maltańczyk,MT
maltańczyka,MT
maltańczykach,MT
maltańczykami,MT
maltańczyki,MT
maltańczykiem,MT
maltańczykom,MT
maltańczykowi,MT
maltańczyku,MT
maltańczyków,MT
malto,MT
maltom,MT
malty,MT
maltą,MT
maltę,MT
managua,NI
managuach,NI
managuami,NI
managui,NI
managuo,NI
managuom,NI
managuy,NI
managuą,NI
managuę,NI
manam,BH
manama,BH
manamach,BH
manamami,BH
manamie,BH
manamo,BH
manamom,BH
manamy,BH
manamą,BH
manamę,BH
manil,PH
manila,PH
manilach,PH
manilami,PH
manile,PH
manili,PH
manilo,PH
manilom,PH
manilą,PH
manilę,PH
maputo,MZ
marok,MA
maroka,MA
marokach,MA
marokami,MA
marokańczycy,MA
marokańczyk,MA
marokańczyka,MA
marokańczykach,MA
marokańczykami,MA
marokańczyki,MA
marokańczykiem,MA
marokańczykom,MA
marokańczykowi,MA
marokańczyku,MA
marokańczyków,MA
marokiem,MA
maroko,MA
marokom,MA
maroku,MA
maseru,LS
maskacie,OM
maskat,OM
maskatach,OM
maskatami,OM
maskatem,OM
maskatom,OM
maskatowi,OM
maskatu,OM
maskaty,OM
maskatów,OM
mauretania,MR
mauretaniach,MR
mauretaniami,MR
mauretanie,MR
mauretanii,MR
mauretanio,MR
mauretaniom,MR
mauretanią,MR
mauretanię,MR
mauretańczycy,MR
mauretańczyk,MR
mauretańczyka,MR
mauretańczykach,MR
mauretańczykami,MR
mauretańczyki,MR
mauretańczykiem,MR
mauretańczykom,MR
mauretańczykowi,MR
mauretańczyku,MR
mauretańczyków,MR
mauritius,MY
mauritiusa,MY
mauritiusach,MY
mauritiusami,MY
mauritiusem,MY
mauritiusie,MY
mauritiusom,MY
mauritiusowi,MY
mauritiusy,MY
mauritiusów,MY
maurytyjczycy,MY
maurytyjczyk,MY
maurytyjczyka,MY
maurytyjczykach,MY
maurytyjczykami,MY
maurytyjczyki,MY
maurytyjczykiem,MY
maurytyjczykom,MY
maurytyjczykowi,MY
maurytyjczyku,MY
maurytyjczyków,MY
mbabane,SZ
meksyk,MX
meksykach,MX
meksykami,MX
meksykan,MX
meksykanach,MX
meksykanami,MX
meksykanie,MX
meksykanin,MX
meksykanina,MX
meksykaninem,MX
meksykaninie,MX
meksykaninowi,MX
meksykanom,MX
meksykany,MX
meksykanów,MX
meksyki,MX
meksykiem,MX
meksykom,MX
meksykowi,MX
meksyku,MX
meksyków,MX
mikronezja,FM
mikronezjach,FM
mikronezjami,FM
mikronezje,FM
mikronezji,FM
mikronezjo,FM
mikronezjom,FM
mikronezją,FM
mikronezję,FM
mikronezyjczycy,FM
mikronezyjczyk,FM
mikronezyjczyka,FM
mikronezyjczykach,FM
mikronezyjczykami,FM
mikronezyjczyki,FM
mikronezyjczykiem,FM
mikronezyjczykom,FM
mikronezyjczykowi,FM
mikronezyjczyku,FM
mikronezyjczyków,FM
mińsk,BY
mińska,BY
mińskach,BY
mińskami,BY
miński,BY
mińskiem,BY
mińskom,BY
mińskowi,BY
mińsku,BY
mińsków,BY
mjanm,MM
mjanma,MM
mjanmach,MM
mjanmami,MM
mjanmie,MM
mjanmo,MM
mjanmom,MM
mjanmy,MM
mjanmą,MM
mjanmę,MM
mogadiszu,SO
monakijczycy,MC
monakijczyk,MC
monakijczyka,MC
monakijczykach,MC
monakijczykami,MC
monakijczyki,MC
monakijczykiem,MC
monakijczykom,MC
monakijczykowi,MC
monakijczyku,MC
monakijczyków,MC
monako,MC
mongole,MN
mongolia,MN
mongoliach,MN
mongoliami,MN
mongolie,MN
mongolii,MN
mongolio,MN
mongoliom,MN
mongolią,MN
mongolię,MN
mongoł,MN
mongoła,MN
mongołach,MN
mongołami,MN
mongołem,MN
mongołom,MN
mongołowi,MN
mongołowie,MN
mongoły,MN
mongołów,MN
montevideo,UY
moroni,KM
moskw,RU
moskwa,RU
moskwach,RU
moskwami,RU
moskwie,RU
moskwo,RU
moskwom,RU
moskwy,RU
moskwą,RU
moskwę,RU
mozambijczycy,MZ
mozambijczyk,MZ
mozambijczyka,MZ
mozambijczykach,MZ
mozambijczykami,MZ
mozambijczyki,MZ
mozambijczykiem,MZ
mozambijczykom,MZ
mozambijczykowi,MZ
mozambijczyku,MZ
mozambijczyków,MZ
mozambik,MZ
mozambikach,MZ
mozambikami,MZ
mozambiki,MZ
mozambikiem,MZ
mozambikom,MZ
mozambikowi,MZ
mozambiku,MZ
mozambików,MZ
mołdawia,MD
mołdawiach,MD
mołdawiami,MD
mołdawian,MD
mołdawianach,MD
mołdawianami,MD
mołdawianie,MD
mołdawianin,MD
mołdawianina,MD
mołdawianinem,MD
mołdawianinie,MD
mołdawianinowi,MD
mołdawianom,MD
mołdawiany,MD
mołdawie,MD
mołdawii,MD
mołdawio,MD
mołdawiom,MD
mołdawią,MD
mołdawię,MD
nairobi,KE
namibia,NA
namibiach,NA
namibiami,NA
namibie,NA
namibii,NA
namibijczycy,NA
namibijczyk,NA
namibijczyka,NA
namibijczykach,NA
namibijczykami,NA
namibijczyki,NA
namibijczykiem,NA
namibijczykom,NA
namibijczykowi,NA
namibijczyku,NA
namibijczyków,NA
namibio,NA
namibiom,NA
namibią,NA
namibię,NA
nassau,BS
nauru,NR
nawakszucie,MR
nawakszut,MR
nawakszutach,MR
nawakszutami,MR
nawakszutem,MR
nawakszutom,MR
nawakszutowi,MR
nawakszutu,MR
nawakszuty,MR
nawakszutów,MR
ndżamen,TD
ndżamena,TD
ndżamenach,TD
ndżamenami,TD
ndżamenie,TD
ndżameno,TD
ndżamenom,TD
ndżameny,TD
ndżameną,TD
ndżamenę,TD
nepal,NP
nepalach,NP
nepalami,NP
nepale,NP
nepalem,NP
nepali,NP
nepalom,NP
nepalowi,NP
nepalu,NP
niamey,NE
niemca,DE
niemcach,DE
niemcami,DE
niemcami,DE
niemce,DE
niemcem,DE
niemcom,DE
niemcom,DE
niemcowi,DE
niemcowie,DE
niemcu,DE
niemcy,DE
niemcy,DE
niemcze,DE
niemczech,DE
niemców,DE
niemiec,DE
niemiec,DE
niger,NE
nigerczycy,NE
nigerczyk,NE
nigerczyka,NE
nigerczykach,NE
nigerczykami,NE
nigerczyki,NE
nigerczykiem,NE
nigerczykom,NE
nigerczykowi,NE
nigerczyku,NE
nigerczyków,NE
nigeria,NG
nigeriach,NG
nigeriami,NG
nigerie,NG
nigerii,NG
nigerio,NG
nigeriom,NG
nigerią,NG
nigerię,NG
nigeryjczycy,NG
nigeryjczyk,NG
nigeryjczyka,NG
nigeryjczykach,NG
nigeryjczykami,NG
nigeryjczyki,NG
nigeryjczykiem,NG
nigeryjczykom,NG
nigeryjczykowi,NG
nigeryjczyku,NG
nigeryjczyków,NG
nigrach,NE
nigrami,NE
nigrem,NE
nigrom,NE
nigrowi,NE
nigru,NE
nigry,NE
nigrze,NE
nigrów,NE
nikaragua,NI
nikaraguach,NI
nikaraguami,NI
nikaraguańczycy,NI
nikaraguańczyk,NI
nikaraguańczyka,NI
nikaraguańczykach,NI
nikaraguańczykami,NI
nikaraguańczyki,NI
nikaraguańczykiem,NI
nikaraguańczykom,NI
nikaraguańczykowi,NI
nikaraguańczyku,NI
nikaraguańczyków,NI
nikaragui,NI
nikaraguo,NI
nikaraguom,NI
nikaraguy,NI
nikaraguą,NI
nikaraguę,NI
nikozja,CY
nikozjach,CY
nikozjami,CY
nikozje,CY
nikozji,CY
nikozjo,CY
nikozjom,CY
nikozją,CY
nikozję,CY
norwedzy,NO
norweg,NO
norwega,NO
norwegach,NO
norwegami,NO
norwegi,NO
norwegia,NO
norwegiach,NO
norwegiami,NO
norwegie,NO
norwegiem,NO
norwegii,NO
norwegio,NO
norwegiom,NO
norwegią,NO
norwegię,NO
norwegom,NO
norwegowi,NO
norwegowie,NO
norwegu,NO
norwegów,NO
nowozelandczycy,NZ
nowozelandczyk,NZ
nowozelandczyka,NZ
nowozelandczykach,NZ
nowozelandczykami,NZ
nowozelandczyki,NZ
nowozelandczykiem,NZ
nowozelandczykom,NZ
nowozelandczykowi,NZ
nowozelandczyku,NZ
nowozelandczyków,NZ
nuku'alof,TO
nuku'alofa,TO
nuku'alofach,TO
nuku'alofami,TO
nuku'alofie,TO
nuku'alofo,TO
nuku'alofom,TO
nuku'alofy,TO
nuku'alofą,TO
nuku'alofę,TO
oman,OM
omanach,OM
omanami,OM
omanem,OM
omanie,OM
omanom,OM
omanowi,OM
omanu,OM
omany,OM
omanów,OM
omańczycy,OM
omańczyk,OM
omańczyka,OM
omańczykach,OM
omańczykami,OM
omańczyki,OM
omańczykiem,OM
omańczykom,OM
omańczykowi,OM
omańczyku,OM
omańczyków,OM
oslo,NO
ottaw,CA
ottawa,CA
ottawach,CA
ottawami,CA
ottawie,CA
ottawo,CA
ottawom,CA
ottawy,CA
ottawą,CA
ottawę,CA
pakistan,PK
pakistanach,PK
pakistanami,PK
pakistanem,PK
pakistanie,PK
pakistanom,PK
pakistanowi,PK
pakistanu,PK
pakistany,PK
pakistanów,PK
pakistańczycy,PK
pakistańczyk,PK
pakistańczyka,PK
pakistańczykach,PK
pakistańczykami,PK
pakistańczyki,PK
pakistańczykiem,PK
pakistańczykom,PK
pakistańczykowi,PK
pakistańczyku,PK
pakistańczyków,PK
palau,PW
palikir,FM
palikirach,FM
palikirami,FM
palikirem,FM
palikirom,FM
palikirowi,FM
palikiru,FM
palikiry,FM
palikirze,FM
palikirów,FM
panam,PA
panama,PA
panamach,PA
panamami,PA
panamczycy,PA
panamczyk,PA
panamczyka,PA
panamczykach,PA
panamczykami,PA
panamczyki,PA
panamczykiem,PA
panamczykom,PA
panamczykowi,PA
panamczyku,PA
panamczyków,PA
panamie,PA
panamo,PA
panamom,PA
panamy,PA
panamą,PA
panamę,PA
papuańczycy,PG
papuańczyk,PG
papuańczyka,PG
papuańczykach,PG
papuańczykami,PG
papuańczyki,PG
papuańczykiem,PG
papuańczykom,PG
papuańczykowi,PG
papuańczyku,PG
papuańczyków,PG
paragwai,PY
paragwaj,PY
paragwajach,PY
paragwajami,PY
paragwajczycy,PY
paragwajczyk,PY
paragwajczyka,PY
paragwajczykach,PY
paragwajczykami,PY
paragwajczyki,PY
paragwajczykiem,PY
paragwajczykom,PY
paragwajczykowi,PY
paragwajczyku,PY
paragwajczyków,PY
paragwaje,PY
paragwajem,PY
paragwajom,PY
paragwajowi,PY
paragwaju,PY
paragwajów,PY
paramaribo,SR
paryż,FR
paryża,FR
paryżach,FR
paryżami,FR
paryże,FR
paryżem,FR
paryżom,FR
paryżowi,FR
paryżu,FR
paryżów,FR
pekin,CN
pekinach,CN
pekinami,CN
pekinem,CN
pekinie,CN
pekinom,CN
pekinowi,CN
pekinu,CN
pekiny,CN
pekinów,CN
peru,PE
peruwiańczycy,PE
peruwiańczyk,PE
peruwiańczyka,PE
peruwiańczykach,PE
peruwiańczykami,PE
peruwiańczyki,PE
peruwiańczykiem,PE
peruwiańczykom,PE
peruwiańczykowi,PE
peruwiańczyku,PE
peruwiańczyków,PE
polacy,PL
polak,PL
polaka,PL
polakach,PL
polakami,PL
polaki,PL
polakiem,PL
polakom,PL
polakowi,PL
polakowie,PL
polaku,PL
polaków,PL
polsce,PL
polsk,PL
polska,PL
polskach,PL
polskami,PL
polski,PL
polsko,PL
polskom,PL
polską,PL
polskę,PL
port-au-prince,HT
port-of-spain,TT
porto-novo,BJ
portugalczycy,PT
portugalczyk,PT
portugalczyka,PT
portugalczykach,PT
portugalczykami,PT
portugalczyki,PT
portugalczykiem,PT
portugalczykom,PT
portugalczykowi,PT
portugalczyku,PT
portugalczyków,PT
portugalia,PT
portugaliach,PT
portugaliami,PT
portugalie,PT
portugalii,PT
portugalio,PT
portugaliom,PT
portugalią,PT
portugalię,PT
południowoafrykańczycy,ZA
południowoafrykańczyk,ZA
południowoafrykańczyka,ZA
południowoafrykańczykach,ZA
południowoafrykańczykami,ZA
południowoafrykańczyki,ZA
południowoafrykańczykiem,ZA
południowoafrykańczykom,ZA
południowoafrykańczykowi,ZA
południowoafrykańczyku,ZA
południowoafrykańczyków,ZA
pradze,CZ
prag,CZ
praga,CZ
pragach,CZ
pragami,CZ
pragi,CZ
prago,CZ
pragom,CZ
pragą,CZ
pragę,CZ
prai,CV
praia,CV
praiach,CV
praiami,CV
praie,CV
praio,CV
praiom,CV
praią,CV
praię,CV
pretoria,ZA
pretoriach,ZA
pretoriami,ZA
pretorie,ZA
pretorii,ZA
pretorio,ZA
pretoriom,ZA
pretorią,ZA
pretorię,ZA
prisztin,XK
prisztina,XK
prisztinach,XK
prisztinami,XK
prisztinie,XK
prisztino,XK
prisztinom,XK
prisztiny,XK
prisztiną,XK
prisztinę,XK
quito,EC
rpa,ZA
rabacie,MA
rabat,MA
rabatach,MA
rabatami,MA
rabatem,MA
rabatom,MA
rabatowi,MA
rabatu,MA
rabaty,MA
rabatów,MA
reykjavík,IS
reykjavíkach,IS
reykjavíkami,IS
reykjavíki,IS
reykjavíkiem,IS
reykjavíkom,IS
reykjavíkowi,IS
reykjavíku,IS
reykjavíków,IS
rijad,SA
rijadach,SA
rijadami,SA
rijadem,SA
rijadom,SA
rijadowi,SA
rijadu,SA
rijady,SA
rijadzie,SA
rijadów,SA
roseau,DM
rosja,RU
rosjach,RU
rosjami,RU
rosjan,RU
rosjanach,RU
rosjanami,RU
rosjanie,RU
rosjanin,RU
rosjanina,RU
rosjaninem,RU
rosjaninie,RU
rosjaninowi,RU
rosjanom,RU
rosjany,RU
rosje,RU
rosji,RU
rosjo,RU
rosjom,RU
rosją,RU
rosję,RU
rumun,RO
rumuna,RO
rumunach,RO
rumunami,RO
rumunem,RO
rumuni,RO
rumunia,RO
rumuniach,RO
rumuniami,RO
rumunie,RO
rumunie,RO
rumunii,RO
rumunio,RO
rumuniom,RO
rumunią,RO
rumunię,RO
rumunom,RO
rumunowi,RO
rumuny,RO
rumunów,RO
rwand,RW
rwanda,RW
rwandach,RW
rwandami,RW
rwando,RW
rwandom,RW
rwandy,RW
rwandyjczycy,RW
rwandyjczyk,RW
rwandyjczyka,RW
rwandyjczykach,RW
rwandyjczykami,RW
rwandyjczyki,RW
rwandyjczykiem,RW
rwandyjczykom,RW
rwandyjczykowi,RW
rwandyjczyku,RW
rwandyjczyków,RW
rwandzie,RW
rwandą,RW
rwandę,RW
rydze,LV
ryg,LV
ryga,LV
rygach,LV
rygami,LV
rygi,LV
rygo,LV
rygom,LV
rygą,LV
rygę,LV
rzym,IT
rzymach,IT
rzymami,IT
rzymem,IT
rzymie,IT
rzymom,IT
rzymowi,IT
rzymu,IT
rzymy,IT
rzymów,IT
salwador,SV
salwadorach,SV
salwadorami,SV
salwadorczycy,SV
salwadorczyk,SV
salwadorczyka,SV
salwadorczykach,SV
salwadorczykami,SV
salwadorczyki,SV
salwadorczykiem,SV
salwadorczykom,SV
salwadorczykowi,SV
salwadorczyku,SV
salwadorczyków,SV
salwadorem,SV
salwadorom,SV
salwadorowi,SV
salwadoru,SV
salwadory,SV
salwadorze,SV
salwadorów,SV
samoa,WS
samoańczycy,WS
samoańczyk,WS
samoańczyka,WS
samoańczykach,WS
samoańczykami,WS
samoańczyki,WS
samoańczykiem,WS
samoańczykom,WS
samoańczykowi,WS
samoańczyku,WS
samoańczyków,WS
sanmaryńczycy,SM
sanmaryńczyk,SM
sanmaryńczyka,SM
sanmaryńczykach,SM
sanmaryńczykami,SM
sanmaryńczyki,SM
sanmaryńczykiem,SM
sanmaryńczykom,SM
sanmaryńczykowi,SM
sanmaryńczyku,SM
sanmaryńczyków,SM
santiago,CL
sarajew,BA
sarajewa,BA
sarajewach,BA
sarajewami,BA
sarajewem,BA
sarajewie,BA
sarajewo,BA
sarajewom,BA
sarajewu,BA
saudyjczycy,SA
saudyjczyk,SA
saudyjczyka,SA
saudyjczykach,SA
saudyjczykami,SA
saudyjczyki,SA
saudyjczykiem,SA
saudyjczykom,SA
saudyjczykowi,SA
saudyjczyku,SA
saudyjczyków,SA
senegal,SN
senegalach,SN
senegalami,SN
senegalczycy,SN
senegalczyk,SN
senegalczyka,SN
senegalczykach,SN
senegalczykami,SN
senegalczyki,SN
senegalczykiem,SN
senegalczykom,SN
senegalczykowi,SN
senegalczyku,SN
senegalczyków,SN
senegale,SN
senegalem,SN
senegali,SN
senegalom,SN
senegalowi,SN
senegalu,SN
senegalów,SN
serb,XS
serba,XS
serbach,XS
serbami,XS
serbem,XS
serbia,XS
serbiach,XS
serbiami,XS
serbie,XS
serbie,XS
serbii,XS
serbio,XS
serbiom,XS
serbią,XS
serbię,XS
serbom,XS
serbowi,XS
serbowie,XS
serby,XS
serbów,XS
seszelach,SC
seszelami,SC
seszelczycy,SC
seszelczyk,SC
seszelczyka,SC
seszelczykach,SC
seszelczykami,SC
seszelczyki,SC
seszelczykiem,SC
seszelczykom,SC
seszelczykowi,SC
seszelczyku,SC
seszelczyków,SC
seszele,SC
seszeli,SC
seszelom,SC
seszelów,SC
seul,KR
seulach,KR
seulami,KR
seule,KR
seulem,KR
seuli,KR
seulom,KR
seulowi,KR
seulu,KR
sierraleończycy,SL
sierraleończyk,SL
sierraleończyka,SL
sierraleończykach,SL
sierraleończykami,SL
sierraleończyki,SL
sierraleończykiem,SL
sierraleończykom,SL
sierraleończykowi,SL
sierraleończyku,SL
sierraleończyków,SL
singapur,SG
singapurach,SG
singapurami,SG
singapurczycy,SG
singapurczyk,SG
singapurczyka,SG
singapurczykach,SG
singapurczykami,SG
singapurczyki,SG
singapurczykiem,SG
singapurczykom,SG
singapurczykowi,SG
singapurczyku,SG
singapurczyków,SG
singapurem,SG
singapurom,SG
singapurowi,SG
singapuru,SG
singapury,SG
singapurze,SG
singapurów,SG
skopj,MK
skopja,MK
skopjach,MK
skopjami,MK
skopje,MK
skopjem,MK
skopjom,MK
skopju,MK
sofia,BG
sofiach,BG
sofiami,BG
sofie,BG
sofii,BG
sofio,BG
sofiom,BG
sofią,BG
sofię,BG
somalia,SO
somaliach,SO
somaliami,SO
somalie,SO
somalii,SO
somalijczycy,SO
somalijczyk,SO
somalijczyka,SO
somalijczykach,SO
somalijczykami,SO
somalijczyki,SO
somalijczykiem,SO
somalijczykom,SO
somalijczykowi,SO
somalijczyku,SO
somalijczyków,SO
somalio,SO
somaliom,SO
somalią,SO
somalię,SO
suazi,SZ
suazyjczycy,SZ
suazyjczyk,SZ
suazyjczyka,SZ
suazyjczykach,SZ
suazyjczykami,SZ
suazyjczyki,SZ
suazyjczykiem,SZ
suazyjczykom,SZ
suazyjczykowi,SZ
suazyjczyku,SZ
suazyjczyków,SZ
sucre,BO
sudan,SD
sudanach,SD
sudanami,SD
sudanem,SD
sudanie,SD
sudanom,SD
sudanowi,SD
sudanu,SD
sudany,SD
sudanów,SD
sudańczycy,SD
sudańczyk,SD
sudańczyka,SD
sudańczykach,SD
sudańczykami,SD
sudańczyki,SD
sudańczykiem,SD
sudańczykom,SD
sudańczykowi,SD
sudańczyku,SD
sudańczyków,SD
surinam,SR
surinamach,SR
surinamami,SR
surinamczycy,SR
surinamczyk,SR
surinamczyka,SR
surinamczykach,SR
surinamczykami,SR
surinamczyki,SR
surinamczykiem,SR
surinamczykom,SR
surinamczykowi,SR
surinamczyku,SR
surinamczyków,SR
surinamem,SR
surinamie,SR
surinamom,SR
surinamowi,SR
surinamu,SR
surinamy,SR
surinamów,SR
suv,FJ
suva,FJ
suvach,FJ
suvami,FJ
suvie,FJ
suvo,FJ
suvom,FJ
suvy,FJ
suvą,FJ
suvę,FJ
syria,SY
syriach,SY
syriami,SY
syrie,SY
syrii,SY
syrio,SY
syriom,SY
syrią,SY
syrię,SY
syryjczycy,SY
syryjczyk,SY
syryjczyka,SY
syryjczykach,SY
syryjczykami,SY
syryjczyki,SY
syryjczykiem,SY
syryjczykom,SY
syryjczykowi,SY
syryjczyku,SY
syryjczyków,SY
szkoci,GB
szkocie,GB
szkocja,GB
szkocjach,GB
szkocjami,GB
szkocje,GB
szkocji,GB
szkocjo,GB
szkocjom,GB
szkocją,GB
szkocję,GB
szkot,GB
szkota,GB
szkotach,GB
szkotami,GB
szkotem,GB
szkotom,GB
szkotowi,GB
szkoty,GB
szkotów,GB
sztokholm,SE
sztokholmach,SE
sztokholmami,SE
sztokholmem,SE
sztokholmie,SE
sztokholmom,SE
sztokholmowi,SE
sztokholmu,SE
sztokholmy,SE
sztokholmów,SE
szwajcar,CH
szwajcara,CH
szwajcarach,CH
szwajcarami,CH
szwajcarem,CH
szwajcaria,CH
szwajcariach,CH
szwajcariami,CH
szwajcarie,CH
szwajcarii,CH
szwajcario,CH
szwajcariom,CH
szwajcarią,CH
szwajcarię,CH
szwajcarom,CH
szwajcarowi,CH
szwajcary,CH
szwajcarze,CH
szwajcarzy,CH
szwajcarów,CH
szwecja,SE
szwecjach,SE
szwecjami,SE
szwecje,SE
szwecji,SE
szwecjo,SE
szwecjom,SE
szwecją,SE
szwecję,SE
szwed,SE
szweda,SE
szwedach,SE
szwedami,SE
szwedem,SE
szwedom,SE
szwedowi,SE
szwedy,SE
szwedzi,SE
szwedzie,SE
szwedów,SE
słowacja,SK
słowacjach,SK
słowacjami,SK
słowacje,SK
słowacji,SK
słowacjo,SK
słowacjom,SK
słowacją,SK
słowację,SK
słowacy,SK
słowak,SK
słowaka,SK
słowakach,SK
słowakami,SK
słowaki,SK
słowakiem,SK
słowakom,SK
słowakowi,SK
słowaku,SK
słowaków,SK
słowenia,SI
słoweniach,SI
słoweniami,SI
słowenie,SI
słoweniec,SI
słowenii,SI
słowenio,SI
słoweniom,SI
słowenią,SI
słowenię,SI
słoweńca,SI
słoweńcach,SI
słoweńcami,SI
słoweńce,SI
słoweńcem,SI
słoweńcom,SI
słoweńcowi,SI
słoweńcu,SI
słoweńcy,SI
słoweńcze,SI
słoweńców,SI
tadżykistan,TJ
tadżykistanach,TJ
tadżykistanami,TJ
tadżykistanem,TJ
tadżykistanie,TJ
tadżykistanom,TJ
tadżykistanowi,TJ
tadżykistanu,TJ
tadżykistany,TJ
tadżykistanów,TJ
tajlandczycy,TH
tajlandczyk,TH
tajlandczyka,TH
tajlandczykach,TH
tajlandczykami,TH
tajlandczyki,TH
tajlandczykiem,TH
tajlandczykom,TH
tajlandczykowi,TH
tajlandczyku,TH
tajlandczyków,TH
tajlandia,TH
tajlandiach,TH
tajlandiami,TH
tajlandie,TH
tajlandii,TH
tajlandio,TH
tajlandiom,TH
tajlandią,TH
tajlandię,TH
tallinn,EE
tallinna,EE
tallinnach,EE
tallinnami,EE
tallinnem,EE
tallinnie,EE
tallinnom,EE
tallinnowi,EE
tallinny,EE
tallinnów,EE
tanzania,TZ
tanzaniach,TZ
tanzaniami,TZ
tanzanie,TZ
tanzanii,TZ
tanzanio,TZ
tanzaniom,TZ
tanzanią,TZ
tanzanię,TZ
taszkencie,UZ
taszkent,UZ
taszkentach,UZ
taszkentami,UZ
taszkentem,UZ
taszkentom,UZ
taszkentowi,UZ
taszkentu,UZ
taszkenty,UZ
taszkentów,UZ
tbilisi,GE
tegucigalp,HN
tegucigalpa,HN
tegucigalpach,HN
tegucigalpami,HN
tegucigalpie,HN
tegucigalpo,HN
tegucigalpom,HN
tegucigalpy,HN
tegucigalpą,HN
tegucigalpę,HN
teheran,IR
teheranach,IR
teheranami,IR
teheranem,IR
teheranie,IR
teheranom,IR
teheranowi,IR
teheranu,IR
teherany,IR
teheranów,IR
thimphu,BT
timorczycy,TL
timorczyk,TL
timorczyka,TL
timorczykach,TL
timorczykami,TL
timorczyki,TL
timorczykiem,TL
timorczykom,TL
timorczykowi,TL
timorczyku,TL
timorczyków,TL
tiran,AL
tirana,AL
tiranach,AL
tiranami,AL
tiranie,AL
tirano,AL
tiranom,AL
tirany,AL
tiraną,AL
tiranę,AL
togijczycy,TG
togijczyk,TG
togijczyka,TG
togijczykach,TG
togijczykami,TG
togijczyki,TG
togijczykiem,TG
togijczykom,TG
togijczykowi,TG
togijczyku,TG
togijczyków,TG
togo,TG
tokio,JP
tonga,TO
trypolis,LY
trypolisach,LY
trypolisami,LY
trypolisem,LY
trypolisie,LY
trypolisom,LY
trypolisowi,LY
trypolisu,LY
trypolisy,LY
trypolisów,LY
tunezja,TN
tunezjach,TN
tunezjami,TN
tunezje,TN
tunezji,TN
tunezjo,TN
tunezjom,TN
tunezją,TN
tunezję,TN
tunezyjczycy,TN
tunezyjczyk,TN
tunezyjczyka,TN
tunezyjczykach,TN
tunezyjczykami,TN
tunezyjczyki,TN
tunezyjczykiem,TN
tunezyjczykom,TN
tunezyjczykowi,TN
tunezyjczyku,TN
tunezyjczyków,TN
tunis,TN
tunisach,TN
tunisami,TN
tunisem,TN
tunisie,TN
tunisom,TN
tunisowi,TN
tunisu,TN
tunisy,TN
tunisów,TN
turcja,TR
turcjach,TR
turcjami,TR
turcje,TR
turcji,TR
turcjo,TR
turcjom,TR
turcją,TR
turcję,TR
turcy,TR
turek,TR
turka,TR
turkach,TR
turkami,TR
turki,TR
turkiem,TR
turkmenistan,TM
turkmenistanach,TM
turkmenistanami,TM
turkmenistanem,TM
turkmenistanie,TM
turkmenistanom,TM
turkmenistanowi,TM
turkmenistanu,TM
turkmenistany,TM
turkmenistanów,TM
turkom,TR
turkowi,TR
turkowie,TR
turku,TR
turków,TR
tuvalu,TV
tuwalczycy,TV
tuwalczyk,TV
tuwalczyka,TV
tuwalczykach,TV
tuwalczykami,TV
tuwalczyki,TV
tuwalczykiem,TV
tuwalczykom,TV
tuwalczykowi,TV
tuwalczyku,TV
tuwalczyków,TV
usa,US
ugand,UG
uganda,UG
ugandach,UG
ugandami,UG
ugando,UG
ugandom,UG
ugandy,UG
ugandyjczycy,UG
ugandyjczyk,UG
ugandyjczyka,UG
ugandyjczykach,UG
ugandyjczykami,UG
ugandyjczyki,UG
ugandyjczykiem,UG
ugandyjczykom,UG
ugandyjczykowi,UG
ugandyjczyku,UG
ugandyjczyków,UG
ugandzie,UG
ugandą,UG
ugandę,UG
ukrain,UA
ukraina,UA
ukrainach,UA
ukrainami,UA
ukrainie,UA
ukrainiec,UA
ukraino,UA
ukrainom,UA
ukrainy,UA
ukrainą,UA
ukrainę,UA
ukraińca,UA
ukraińcach,UA
ukraińcami,UA
ukraińce,UA
ukraińcem,UA
ukraińcom,UA
ukraińcowi,UA
ukraińcu,UA
ukraińcy,UA
ukraińcze,UA
ukraińców,UA
urugwai,UY
urugwaj,UY
urugwajach,UY
urugwajami,UY
urugwajczycy,UY
urugwajczyk,UY
urugwajczyka,UY
urugwajczykach,UY
urugwajczykami,UY
urugwajczyki,UY
urugwajczykiem,UY
urugwajczykom,UY
urugwajczykowi,UY
urugwajczyku,UY
urugwajczyków,UY
urugwaje,UY
urugwajem,UY
urugwajom,UY
urugwajowi,UY
urugwaju,UY
urugwajów,UY
uzbekistan,UZ
uzbekistanach,UZ
uzbekistanami,UZ
uzbekistanem,UZ
uzbekistanie,UZ
uzbekistanom,UZ
uzbekistanowi,UZ
uzbekistanu,UZ
uzbekistany,UZ
uzbekistanów,UZ
vaduz,LI
valletcie,MT
vallett,MT
valletta,MT
vallettach,MT
vallettami,MT
valletto,MT
vallettom,MT
valletty,MT
vallettą,MT
vallettę,MT
vanuatu,VU
victoria,SC
victoriach,SC
victoriami,SC
victorie,SC
victorii,SC
victorio,SC
victoriom,SC
victorią,SC
victorię,SC
wagadugu,BF
walia,GB
waliach,GB
waliami,GB
walie,GB
walii,GB
walijczycy,GB
walijczyk,GB
walijczyka,GB
walijczykach,GB
walijczykami,GB
walijczyki,GB
walijczykiem,GB
walijczykom,GB
walijczykowi,GB
walijczyku,GB
walijczyków,GB
walio,GB
waliom,GB
walią,GB
walię,GB
warszaw,PL
warszawa,PL
warszawach,PL
warszawami,PL
warszawie,PL
warszawo,PL
warszawom,PL
warszawy,PL
warszawą,PL
warszawę,PL
waszyngton,US
waszyngtona,US
waszyngtonach,US
waszyngtonami,US
waszyngtonem,US
waszyngtonie,US
waszyngtonom,US
waszyngtonowi,US
waszyngtonowie,US
waszyngtonu,US
waszyngtony,US
waszyngtonów,US
watykan,VA
watykanach,VA
watykanami,VA
watykanem,VA
watykanie,VA
watykanom,VA
watykanowi,VA
watykanu,VA
watykany,VA
watykanów,VA
watykańczycy,VA
watykańczyk,VA
watykańczyka,VA
watykańczykach,VA
watykańczykami,VA
watykańczyki,VA
watykańczykiem,VA
watykańczykom,VA
watykańczykowi,VA
watykańczyku,VA
watykańczyków,VA
wellington,NZ
wellingtona,NZ
wellingtonach,NZ
wellingtonami,NZ
wellingtonem,NZ
wellingtonie,NZ
wellingtonom,NZ
wellingtonowi,NZ
wellingtonowie,NZ
wellingtonu,NZ
wellingtony,NZ
wellingtonów,NZ
wenezuel,VE
wenezuela,VE
wenezuelach,VE
wenezuelami,VE
wenezuelczycy,VE
wenezuelczyk,VE
wenezuelczyka,VE
wenezuelczykach,VE
wenezuelczykami,VE
wenezuelczyki,VE
wenezuelczykiem,VE
wenezuelczykom,VE
wenezuelczykowi,VE
wenezuelczyku,VE
wenezuelczyków,VE
wenezuele,VE
wenezueli,VE
wenezuelo,VE
wenezuelom,VE
wenezuelą,VE
wenezuelę,VE
wiedeń,AT
wiednia,AT
wiedniach,AT
wiedniami,AT
wiednie,AT
wiedniem,AT
wiedniom,AT
wiedniowi,AT
wiedniu,AT
wiedniów,AT
wietnam,VN
wietnamach,VN
wietnamami,VN
wietnamczycy,VN
wietnamczyk,VN
wietnamczyka,VN
wietnamczykach,VN
wietnamczykami,VN
wietnamczyki,VN
wietnamczykiem,VN
wietnamczykom,VN
wietnamczykowi,VN
wietnamczyku,VN
wietnamczyków,VN
wietnamem,VN
wietnamie,VN
wietnamom,VN
wietnamowi,VN
wietnamu,VN
wietnamy,VN
wietnamów,VN
wiln,LY
wilna,LY
wilnach,LY
wilnami,LY
wilnem,LY
wilnie,LY
wilno,LY
wilnom,LY
wilnu,LY
windhuk,NA
windhukach,NA
windhukami,NA
windhuki,NA
windhukiem,NA
windhukom,NA
windhukowi,NA
windhuku,NA
windhuków,NA
węgier,HU
węgier,HU
węgra,HU
węgrach,HU
węgrami,HU
węgrami,HU
węgrem,HU
węgrom,HU
węgrom,HU
węgrowi,HU
węgry,HU
węgry,HU
węgrze,HU
węgrzech,HU
węgrzy,HU
węgrów,HU
włoch,IT
włoch,IT
włocha,IT
włochach,IT
włochach,IT
włochami,IT
włochami,IT
włochem,IT
włochom,IT
włochom,IT
włochowi,IT
włochu,IT
włochy,IT
włochy,IT
włochów,IT
włosi,IT
włoszech,IT
yaren,NR
zea,AE
zagrzeb,HR
zagrzebi,HR
zagrzebia,HR
zagrzebiach,HR
zagrzebiami,HR
zagrzebie,HR
zagrzebiem,HR
zagrzebiom,HR
zagrzebiowi,HR
zagrzebiu,HR
zagrzebiów,HR
zambia,ZM
zambiach,ZM
zambiami,ZM
zambie,ZM
zambii,ZM
zambijczycy,ZM
zambijczyk,ZM
zambijczyka,ZM
zambijczykach,ZM
zambijczykami,ZM
zambijczyki,ZM
zambijczykiem,ZM
zambijczykom,ZM
zambijczykowi,ZM
zambijczyku,ZM
zambijczyków,ZM
zambio,ZM
zambiom,ZM
zambią,ZM
zambię,ZM
zimbabwe,ZW
zimbabweńczycy,ZW
zimbabweńczyk,ZW
zimbabweńczyka,ZW
zimbabweńczykach,ZW
zimbabweńczykami,ZW
zimbabweńczyki,ZW
zimbabweńczykiem,ZW
zimbabweńczykom,ZW
zimbabweńczykowi,ZW
zimbabweńczyku,ZW
zimbabweńczyków,ZW
afganistańscy,AF
afganistańska,AF
afganistański,AF
afganistańskich,AF
afganistańskie,AF
afganistańskiego,AF
afganistańskiej,AF
afganistańskiemu,AF
afganistańskim,AF
afganistańskimi,AF
afganistańsko,AF
afganistańsku,AF
afganistańską,AF
afgańscy,AF
afgańska,AF
afgański,AF
afgańskich,AF
afgańskie,AF
afgańskiego,AF
afgańskiej,AF
afgańskiemu,AF
afgańskim,AF
afgańskimi,AF
afgańsko,AF
afgańsku,AF
afgańską,AF
alb,AL
albańscy,AL
albańska,AL
albański,AL
albańskich,AL
albańskie,AL
albańskiego,AL
albańskiej,AL
albańskiemu,AL
albańskim,AL
albańskimi,AL
albańsko,AL
albańsku,AL
albańską,AL
algierscy,DZ
algierska,DZ
algierski,DZ
algierskich,DZ
algierskie,DZ
algierskiego,DZ
algierskiej,DZ
algierskiemu,DZ
algierskim,DZ
algierskimi,DZ
algiersko,DZ
algiersku,DZ
algierską,DZ
am,US
amer,US
amerykańscy,US
amerykańska,US
amerykański,US
amerykańskich,US
amerykańskie,US
amerykańskiego,US
amerykańskiej,US
amerykańskiemu,US
amerykańskim,US
amerykańskimi,US
amerykańsko,US
amerykańsku,US
amerykańską,US
andorscy,AD
andorska,AD
andorski,AD
andorskich,AD
andorskie,AD
andorskiego,AD
andorskiej,AD
andorskiemu,AD
andorskim,AD
andorskimi,AD
andorsko,AD
andorsku,AD
andorską,AD
ang,GB
angielscy,GB
angielska,GB
angielski,GB
angielskich,GB
angielskie,GB
angielskiego,GB
angielskiej,GB
angielskiemu,GB
angielskim,GB
angielskimi,GB
angielsko,GB
angielsku,GB
angielską,GB
angolscy,AO
angolska,AO
angolski,AO
angolskich,AO
angolskie,AO
angolskiego,AO
angolskiej,AO
angolskiemu,AO
angolskim,AO
angolskimi,AO
angolsko,AO
angolsku,AO
angolską,AO
argentyńscy,AR
argentyńska,AR
argentyński,AR
argentyńskich,AR
argentyńskie,AR
argentyńskiego,AR
argentyńskiej,AR
argentyńskiemu,AR
argentyńskim,AR
argentyńskimi,AR
argentyńsko,AR
argentyńsku,AR
argentyńską,AR
armeńscy,AM
armeńska,AM
armeński,AM
armeńskich,AM
armeńskie,AM
armeńskiego,AM
armeńskiej,AM
armeńskiemu,AM
armeńskim,AM
armeńskimi,AM
armeńsko,AM
armeńsku,AM
armeńską,AM
austr,AT
australijscy,AU
australijska,AU
australijski,AU
australijskich,AU
australijskie,AU
australijskiego,AU
australijskiej,AU
australijskiemu,AU
australijskim,AU
australijskimi,AU
australijsko,AU
australijsku,AU
australijską,AU
austriaccy,AT
austriacka,AT
austriacki,AT
austriackich,AT
austriackie,AT
austriackiego,AT
austriackiej,AT
austriackiemu,AT
austriackim,AT
austriackimi,AT
austriacko,AT
austriacku,AT
austriacką,AT
azerb,AZ
azerbejdżańscy,AZ
azerbejdżańska,AZ
azerbejdżański,AZ
azerbejdżańskich,AZ
azerbejdżańskie,AZ
azerbejdżańskiego,AZ
azerbejdżańskiej,AZ
azerbejdżańskiemu,AZ
azerbejdżańskim,AZ
azerbejdżańskimi,AZ
azerbejdżańsko,AZ
azerbejdżańsku,AZ
azerbejdżańską,AZ
bahamscy,BS
bahamska,BS
bahamski,BS
bahamskich,BS
bahamskie,BS
bahamskiego,BS
bahamskiej,BS
bahamskiemu,BS
bahamskim,BS
bahamskimi,BS
bahamsko,BS
bahamsku,BS
bahamską,BS
bahrańscy,BH
bahrańska,BH
bahrański,BH
bahrańskich,BH
bahrańskie,BH
bahrańskiego,BH
bahrańskiej,BH
bahrańskiemu,BH
bahrańskim,BH
bahrańskimi,BH
bahrańsko,BH
bahrańsku,BH
bahrańską,BH
bangladescy,BD
bangladeska,BD
bangladeski,BD
bangladeskich,BD
bangladeskie,BD
bangladeskiego,BD
bangladeskiej,BD
bangladeskiemu,BD
bangladeskim,BD
bangladeskimi,BD
bangladesko,BD
bangladesku,BD
bangladeską,BD
barbadoscy,BB
barbadoska,BB
barbadoski,BB
barbadoskich,BB
barbadoskie,BB
barbadoskiego,BB
barbadoskiej,BB
barbadoskiemu,BB
barbadoskim,BB
barbadoskimi,BB
barbadosko,BB
barbadosku,BB
barbadoską,BB
belgijscy,BE
belgijska,BE
belgijski,BE
belgijskich,BE
belgijskie,BE
belgijskiego,BE
belgijskiej,BE
belgijskiemu,BE
belgijskim,BE
belgijskimi,BE
belgijsko,BE
belgijsku,BE
belgijską,BE
belizeńscy,BZ
belizeńska,BZ
belizeński,BZ
belizeńskich,BZ
belizeńskie,BZ
belizeńskiego,BZ
belizeńskiej,BZ
belizeńskiemu,BZ
belizeńskim,BZ
belizeńskimi,BZ
belizeńsko,BZ
belizeńsku,BZ
belizeńską,BZ
benińscy,BJ
benińska,BJ
beniński,BJ
benińskich,BJ
benińskie,BJ
benińskiego,BJ
benińskiej,BJ
benińskiemu,BJ
benińskim,BJ
benińskimi,BJ
benińsko,BJ
benińsku,BJ
benińską,BJ
bhutańscy,BT
bhutańska,BT
bhutański,BT
bhutańskich,BT
bhutańskie,BT
bhutańskiego,BT
bhutańskiej,BT
bhutańskiemu,BT
bhutańskim,BT
bhutańskimi,BT
bhutańsko,BT
bhutańsku,BT
bhutańską,BT
białoruscy,BY
białoruska,BY
białoruski,BY
białoruskich,BY
białoruskie,BY
białoruskiego,BY
białoruskiej,BY
białoruskiemu,BY
białoruskim,BY
białoruskimi,BY
białorusko,BY
białorusku,BY
białoruską,BY
birmańscy,MM
birmańska,MM
birmański,MM
birmańskich,MM
birmańskie,MM
birmańskiego,MM
birmańskiej,MM
birmańskiemu,MM
birmańskim,MM
birmańskimi,MM
birmańsko,MM
birmańsku,MM
birmańską,MM
boliwijscy,BO
boliwijska,BO
boliwijski,BO
boliwijskich,BO
boliwijskie,BO
boliwijskiego,BO
boliwijskiej,BO
boliwijskiemu,BO
boliwijskim,BO
boliwijskimi,BO
boliwijsko,BO
boliwijsku,BO
boliwijską,BO
botswańscy,BW
botswańska,BW
botswański,BW
botswańskich,BW
botswańskie,BW
botswańskiego,BW
botswańskiej,BW
botswańskiemu,BW
botswańskim,BW
botswańskimi,BW
botswańsko,BW
botswańsku,BW
botswańską,BW
bośniaccy,BA
bośniacka,BA
bośniacki,BA
bośniackich,BA
bośniackie,BA
bośniackiego,BA
bośniackiej,BA
bośniackiemu,BA
bośniackim,BA
bośniackimi,BA
bośniacko,BA
bośniacku,BA
bośniacką,BA
brazylijscy,BR
brazylijska,BR
brazylijski,BR
brazylijskich,BR
brazylijskie,BR
brazylijskiego,BR
brazylijskiej,BR
brazylijskiemu,BR
brazylijskim,BR
brazylijskimi,BR
brazylijsko,BR
brazylijsku,BR
brazylijską,BR
brunejscy,BN
brunejska,BN
brunejski,BN
brunejskich,BN
brunejskie,BN
brunejskiego,BN
brunejskiej,BN
brunejskiemu,BN
brunejskim,BN
brunejskimi,BN
brunejsko,BN
brunejsku,BN
brunejską,BN
bryt,GB
brytyjscy,GB
brytyjska,GB
brytyjski,GB
brytyjskich,GB
brytyjskie,GB
brytyjskiego,GB
brytyjskiej,GB
brytyjskiemu,GB
brytyjskim,GB
brytyjskimi,GB
brytyjsko,GB
brytyjsku,GB
brytyjską,GB
burkińscy,BF
burkińska,BF
burkiński,BF
burkińskich,BF
burkińskie,BF
burkińskiego,BF
burkińskiej,BF
burkińskiemu,BF
burkińskim,BF
burkińskimi,BF
burkińsko,BF
burkińsku,BF
burkińską,BF
burundyjscy,BI
burundyjska,BI
burundyjski,BI
burundyjskich,BI
burundyjskie,BI
burundyjskiego,BI
burundyjskiej,BI
burundyjskiemu,BI
burundyjskim,BI
burundyjskimi,BI
burundyjsko,BI
burundyjsku,BI
burundyjską,BI
bułgarscy,BG
bułgarska,BG
bułgarski,BG
bułgarskich,BG
bułgarskie,BG
bułgarskiego,BG
bułgarskiej,BG
bułgarskiemu,BG
bułgarskim,BG
bułgarskimi,BG
bułgarsko,BG
bułgarsku,BG
bułgarską,BG
chilijscy,CL
chilijska,CL
chilijski,CL
chilijskich,CL
chilijskie,CL
chilijskiego,CL
chilijskiej,CL
chilijskiemu,CL
chilijskim,CL
chilijskimi,CL
chilijsko,CL
chilijsku,CL
chilijską,CL
chiń,CN
chińscy,CN
chińska,CN
chiński,CN
chińskich,CN
chińskie,CN
chińskiego,CN
chińskiej,CN
chińskiemu,CN
chińskim,CN
chińskimi,CN
chińsko,CN
chińsku,CN
chińską,CN
chorwaccy,HR
chorwacka,HR
chorwacki,HR
chorwackich,HR
chorwackie,HR
chorwackiego,HR
chorwackiej,HR
chorwackiemu,HR
chorwackim,HR
chorwackimi,HR
chorwacko,HR
chorwacku,HR
chorwacką,HR
cypryjscy,CY
cypryjska,CY
cypryjski,CY
cypryjskich,CY
cypryjskie,CY
cypryjskiego,CY
cypryjskiej,CY
cypryjskiemu,CY
cypryjskim,CY
cypryjskimi,CY
cypryjsko,CY
cypryjsku,CY
cypryjską,CY
czadyjscy,TD
czadyjska,TD
czadyjski,TD
czadyjskich,TD
czadyjskie,TD
czadyjskiego,TD
czadyjskiej,TD
czadyjskiemu,TD
czadyjskim,TD
czadyjskimi,TD
czadyjsko,TD
czadyjsku,TD
czadyjską,TD
czarnogórscy,ME
czarnogórska,ME
czarnogórski,ME
czarnogórskich,ME
czarnogórskie,ME
czarnogórskiego,ME
czarnogórskiej,ME
czarnogórskiemu,ME
czarnogórskim,ME
czarnogórskimi,ME
czarnogórsko,ME
czarnogórsku,ME
czarnogórską,ME
czes,CZ
czescy,CZ
czeska,CZ
czeski,CZ
czeskich,CZ
czeskie,CZ
czeskiego,CZ
czeskiej,CZ
czeskiemu,CZ
czeskim,CZ
czeskimi,CZ
czesko,CZ
czesku,CZ
czeską,CZ
dominiccy,DM
dominicka,DM
dominicki,DM
dominickich,DM
dominickie,DM
dominickiego,DM
dominickiej,DM
dominickiemu,DM
dominickim,DM
dominickimi,DM
dominicko,DM
dominicku,DM
dominicką,DM
dominikańscy,DO
dominikańska,DO
dominikański,DO
dominikańskich,DO
dominikańskie,DO
dominikańskiego,DO
dominikańskiej,DO
dominikańskiemu,DO
dominikańskim,DO
dominikańskimi,DO
dominikańsko,DO
dominikańsku,DO
dominikańską,DO
duńscy,DK
duńska,DK
duński,DK
duńskich,DK
duńskie,DK
duńskiego,DK
duńskiej,DK
duńskiemu,DK
duńskim,DK
duńskimi,DK
duńsko,DK
duńsku,DK
duńską,DK
dżibutyjscy,DJ
dżibutyjska,DJ
dżibutyjski,DJ
dżibutyjskich,DJ
dżibutyjskie,DJ
dżibutyjskiego,DJ
dżibutyjskiej,DJ
dżibutyjskiemu,DJ
dżibutyjskim,DJ
dżibutyjskimi,DJ
dżibutyjsko,DJ
dżibutyjsku,DJ
dżibutyjską,DJ
egipscy,EG
egipska,EG
egipski,EG
egipskich,EG
egipskie,EG
egipskiego,EG
egipskiej,EG
egipskiemu,EG
egipskim,EG
egipskimi,EG
egipsko,EG
egipsku,EG
egipską,EG
ekwadorscy,EC
ekwadorska,EC
ekwadorski,EC
ekwadorskich,EC
ekwadorskie,EC
ekwadorskiego,EC
ekwadorskiej,EC
ekwadorskiemu,EC
ekwadorskim,EC
ekwadorskimi,EC
ekwadorsko,EC
ekwadorsku,EC
ekwadorską,EC
erytrejscy,ER
erytrejska,ER
erytrejski,ER
erytrejskich,ER
erytrejskie,ER
erytrejskiego,ER
erytrejskiej,ER
erytrejskiemu,ER
erytrejskim,ER
erytrejskimi,ER
erytrejsko,ER
erytrejsku,ER
erytrejską,ER
estońscy,EE
estońska,EE
estoński,EE
estońskich,EE
estońskie,EE
estońskiego,EE
estońskiej,EE
estońskiemu,EE
estońskim,EE
estońskimi,EE
estońsko,EE
estońsku,EE
estońską,EE
etiop,ET
etiopscy,ET
etiopska,ET
etiopski,ET
etiopskich,ET
etiopskie,ET
etiopskiego,ET
etiopskiej,ET
etiopskiemu,ET
etiopskim,ET
etiopskimi,ET
etiopsko,ET
etiopsku,ET
etiopską,ET
fidżyjscy,FJ
fidżyjska,FJ
fidżyjski,FJ
fidżyjskich,FJ
fidżyjskie,FJ
fidżyjskiego,FJ
fidżyjskiej,FJ
fidżyjskiemu,FJ
fidżyjskim,FJ
fidżyjskimi,FJ
fidżyjsko,FJ
fidżyjsku,FJ
fidżyjską,FJ
filipińscy,PH
filipińska,PH
filipiński,PH
filipińskich,PH
filipińskie,PH
filipińskiego,PH
filipińskiej,PH
filipińskiemu,PH
filipińskim,PH
filipińskimi,PH
filipińsko,PH
filipińsku,PH
filipińską,PH
fiń,FI
fińscy,FI
fińska,FI
fiński,FI
fińskich,FI
fińskie,FI
fińskiego,FI
fińskiej,FI
fińskiemu,FI
fińskim,FI
fińskimi,FI
fińsko,FI
fińsku,FI
fińską,FI
fr,FR
francuscy,FR
francuska,FR
francuski,FR
francuskich,FR
francuskie,FR
francuskiego,FR
francuskiej,FR
francuskiemu,FR
francuskim,FR
francuskimi,FR
francusko,FR
francusku,FR
francuską,FR
gabońscy,GA
gabońska,GA
gaboński,GA
gabońskich,GA
gabońskie,GA
gabońskiego,GA
gabońskiej,GA
gabońskiemu,GA
gabońskim,GA
gabońskimi,GA
gabońsko,GA
gabońsku,GA
gabońską,GA
gambijscy,GM
gambijska,GM
gambijski,GM
gambijskich,GM
gambijskie,GM
gambijskiego,GM
gambijskiej,GM
gambijskiemu,GM
gambijskim,GM
gambijskimi,GM
gambijsko,GM
gambijsku,GM
gambijską,GM
ghańscy,GH
ghańska,GH
ghański,GH
ghańskich,GH
ghańskie,GH
ghańskiego,GH
ghańskiej,GH
ghańskiemu,GH
ghańskim,GH
ghańskimi,GH
ghańsko,GH
ghańsku,GH
ghańską,GH
gr,GR
grec,GR
greccy,GR
grecka,GR
grecki,GR
greckich,GR
greckie,GR
greckiego,GR
greckiej,GR
greckiemu,GR
greckim,GR
greckimi,GR
grecko,GR
grecku,GR
grecką,GR
grenadyjscy,GD
grenadyjska,GD
grenadyjski,GD
grenadyjskich,GD
grenadyjskie,GD
grenadyjskiego,GD
grenadyjskiej,GD
grenadyjskiemu,GD
grenadyjskim,GD
grenadyjskimi,GD
grenadyjsko,GD
grenadyjsku,GD
grenadyjską,GD
gruzińscy,GE
gruzińska,GE
gruziński,GE
gruzińskich,GE
gruzińskie,GE
gruzińskiego,GE
gruzińskiej,GE
gruzińskiemu,GE
gruzińskim,GE
gruzińskimi,GE
gruzińsko,GE
gruzińsku,GE
gruzińską,GE
gujańscy,GY
gujańska,GY
gujański,GY
gujańskich,GY
gujańskie,GY
gujańskiego,GY
gujańskiej,GY
gujańskiemu,GY
gujańskim,GY
gujańskimi,GY
gujańsko,GY
gujańsku,GY
gujańską,GY
gwatemalscy,GT
gwatemalska,GT
gwatemalski,GT
gwatemalskich,GT
gwatemalskie,GT
gwatemalskiego,GT
gwatemalskiej,GT
gwatemalskiemu,GT
gwatemalskim,GT
gwatemalskimi,GT
gwatemalsko,GT
gwatemalsku,GT
gwatemalską,GT
gwinejscy,GN
gwinejska,GN
gwinejski,GN
gwinejskich,GN
gwinejskie,GN
gwinejskiego,GN
gwinejskiej,GN
gwinejskiemu,GN
gwinejskim,GN
gwinejskimi,GN
gwinejsko,GN
gwinejsku,GN
gwinejską,GN
haitańscy,HT
haitańska,HT
haitański,HT
haitańskich,HT
haitańskie,HT
haitańskiego,HT
haitańskiej,HT
haitańskiemu,HT
haitańskim,HT
haitańskimi,HT
haitańsko,HT
haitańsku,HT
haitańską,HT
hiszp,ES
hiszpańscy,ES
hiszpańska,ES
hiszpański,ES
hiszpańskich,ES
hiszpańskie,ES
hiszpańskiego,ES
hiszpańskiej,ES
hiszpańskiemu,ES
hiszpańskim,ES
hiszpańskimi,ES
hiszpańsko,ES
hiszpańsku,ES
hiszpańską,ES
holend,NL
holenderscy,NL
holenderska,NL
holenderski,NL
holenderskich,NL
holenderskie,NL
holenderskiego,NL
holenderskiej,NL
holenderskiemu,NL
holenderskim,NL
holenderskimi,NL
holendersko,NL
holendersku,NL
holenderską,NL
hondur,HN
hondurascy,HN
honduraska,HN
honduraski,HN
honduraskich,HN
honduraskie,HN
honduraskiego,HN
honduraskiej,HN
honduraskiemu,HN
honduraskim,HN
honduraskimi,HN
hondurasko,HN
hondurasku,HN
honduraską,HN
indonezyjscy,ID
indonezyjska,ID
indonezyjski,ID
indonezyjskich,ID
indonezyjskie,ID
indonezyjskiego,ID
indonezyjskiej,ID
indonezyjskiemu,ID
indonezyjskim,ID
indonezyjskimi,ID
indonezyjsko,ID
indonezyjsku,ID
indonezyjską,ID
indyjscy,IN
indyjska,IN
indyjski,IN
indyjskich,IN
indyjskie,IN
indyjskiego,IN
indyjskiej,IN
indyjskiemu,IN
indyjskim,IN
indyjskimi,IN
indyjsko,IN
indyjsku,IN
indyjską,IN
iraccy,IQ
iracka,IQ
iracki,IQ
irackich,IQ
irackie,IQ
irackiego,IQ
irackiej,IQ
irackiemu,IQ
irackim,IQ
irackimi,IQ
iracko,IQ
iracku,IQ
iracką,IQ
irańscy,IR
irańska,IR
irański,IR
irańskich,IR
irańskie,IR
irańskiego,IR
irańskiej,IR
irańskiemu,IR
irańskim,IR
irańskimi,IR
irańsko,IR
irańsku,IR
irańską,IR
irlandzcy,IE
irlandzka,IE
irlandzki,IE
irlandzkich,IE
irlandzkie,IE
irlandzkiego,IE
irlandzkiej,IE
irlandzkiemu,IE
irlandzkim,IE
irlandzkimi,IE
irlandzko,IE
irlandzku,IE
irlandzką,IE
islandzcy,IS
islandzka,IS
islandzki,IS
islandzkich,IS
islandzkie,IS
islandzkiego,IS
islandzkiej,IS
islandzkiemu,IS
islandzkim,IS
islandzkimi,IS
islandzko,IS
islandzku,IS
islandzką,IS
izraelscy,IL
izraelska,IL
izraelski,IL
izraelskich,IL
izraelskie,IL
izraelskiego,IL
izraelskiej,IL
izraelskiemu,IL
izraelskim,IL
izraelskimi,IL
izraelsko,IL
izraelsku,IL
izraelską,IL
jamajscy,JM
jamajska,JM
jamajski,JM
jamajskich,JM
jamajskie,JM
jamajskiego,JM
jamajskiej,JM
jamajskiemu,JM
jamajskim,JM
jamajskimi,JM
jamajsko,JM
jamajsku,JM
jamajską,JM
japońscy,JP
japońska,JP
japoński,JP
japońskich,JP
japońskie,JP
japońskiego,JP
japońskiej,JP
japońskiemu,JP
japońskim,JP
japońskimi,JP
japońsko,JP
japońsku,JP
japońską,JP
jemeńscy,YE
jemeńska,YE
jemeński,YE
jemeńskich,YE
jemeńskie,YE
jemeńskiego,YE
jemeńskiej,YE
jemeńskiemu,YE
jemeńskim,YE
jemeńskimi,YE
jemeńsko,YE
jemeńsku,YE
jemeńską,YE
jordańscy,JO
jordańska,JO
jordański,JO
jordańskich,JO
jordańskie,JO
jordańskiego,JO
jordańskiej,JO
jordańskiemu,JO
jordańskim,JO
jordańskimi,JO
jordańsko,JO
jordańsku,JO
jordańską,JO
kambodżańscy,KH
kambodżańska,KH
kambodżański,KH
kambodżańskich,KH
kambodżańskie,KH
kambodżańskiego,KH
kambodżańskiej,KH
kambodżańskiemu,KH
kambodżańskim,KH
kambodżańskimi,KH
kambodżańsko,KH
kambodżańsku,KH
kambodżańską,KH
kameruńscy,CM
kameruńska,CM
kameruński,CM
kameruńskich,CM
kameruńskie,CM
kameruńskiego,CM
kameruńskiej,CM
kameruńskiemu,CM
kameruńskim,CM
kameruńskimi,CM
kameruńsko,CM
kameruńsku,CM
kameruńską,CM
kanadyjscy,CA
kanadyjska,CA
kanadyjski,CA
kanadyjskich,CA
kanadyjskie,CA
kanadyjskiego,CA
kanadyjskiej,CA
kanadyjskiemu,CA
kanadyjskim,CA
kanadyjskimi,CA
kanadyjsko,CA
kanadyjsku,CA
kanadyjską,CA
katarscy,QA
katarska,QA
katarski,QA
katarskich,QA
katarskie,QA
katarskiego,QA
katarskiej,QA
katarskiemu,QA
katarskim,QA
katarskimi,QA
katarsko,QA
katarsku,QA
katarską,QA
kazachstańscy,KZ
kazachstańska,KZ
kazachstański,KZ
kazachstańskich,KZ
kazachstańskie,KZ
kazachstańskiego,KZ
kazachstańskiej,KZ
kazachstańskiemu,KZ
kazachstańskim,KZ
kazachstańskimi,KZ
kazachstańsko,KZ
kazachstańsku,KZ
kazachstańską,KZ
kenijscy,KE
kenijska,KE
kenijski,KE
kenijskich,KE
kenijskie,KE
kenijskiego,KE
kenijskiej,KE
kenijskiemu,KE
kenijskim,KE
kenijskimi,KE
kenijsko,KE
kenijsku,KE
kenijską,KE
kirgiscy,KG
kirgiska,KG
kirgiski,KG
kirgiskich,KG
kirgiskie,KG
kirgiskiego,KG
kirgiskiej,KG
kirgiskiemu,KG
kirgiskim,KG
kirgiskimi,KG
kirgisko,KG
kirgisku,KG
kirgiską,KG
kiribatyjscy,KI
kiribatyjska,KI
kiribatyjski,KI
kiribatyjskich,KI
kiribatyjskie,KI
kiribatyjskiego,KI
kiribatyjskiej,KI
kiribatyjskiemu,KI
kiribatyjskim,KI
kiribatyjskimi,KI
kiribatyjsko,KI
kiribatyjsku,KI
kiribatyjską,KI
kolumbijscy,CO
kolumbijska,CO
kolumbijski,CO
kolumbijskich,CO
kolumbijskie,CO
kolumbijskiego,CO
kolumbijskiej,CO
kolumbijskiemu,CO
kolumbijskim,CO
kolumbijskimi,CO
kolumbijsko,CO
kolumbijsku,CO
kolumbijską,CO
komoryjscy,KM
komoryjska,KM
komoryjski,KM
komoryjskich,KM
komoryjskie,KM
komoryjskiego,KM
komoryjskiej,KM
komoryjskiemu,KM
komoryjskim,KM
komoryjskimi,KM
komoryjsko,KM
komoryjsku,KM
komoryjską,KM
kongijscy,CG
kongijska,CG
kongijski,CG
kongijskich,CG
kongijskie,CG
kongijskiego,CG
kongijskiej,CG
kongijskiemu,CG
kongijskim,CG
kongijskimi,CG
kongijsko,CG
kongijsku,CG
kongijską,CG
koreańscy,KP
koreańska,KP
koreański,KP
koreańskich,KP
koreańskie,KP
koreańskiego,KP
koreańskiej,KP
koreańskiemu,KP
koreańskim,KP
koreańskimi,KP
koreańsko,KP
koreańsku,KP
koreańską,KP
kosowscy,XK
kosowska,XK
kosowski,XK
kosowskich,XK
kosowskie,XK
kosowskiego,XK
kosowskiej,XK
kosowskiemu,XK
kosowskim,XK
kosowskimi,XK
kosowsko,XK
kosowsku,XK
kosowską,XK
kostarykańscy,CR
kostarykańska,CR
kostarykański,CR
kostarykańskich,CR
kostarykańskie,CR
kostarykańskiego,CR
kostarykańskiej,CR
kostarykańskiemu,CR
kostarykańskim,CR
kostarykańskimi,CR
kostarykańsko,CR
kostarykańsku,CR
kostarykańską,CR
kubańscy,CU
kubańska,CU
kubański,CU
kubańskich,CU
kubańskie,CU
kubańskiego,CU
kubańskiej,CU
kubańskiemu,CU
kubańskim,CU
kubańskimi,CU
kubańsko,CU
kubańsku,CU
kubańską,CU
kuwejccy,KQ
kuwejcka,KQ
kuwejcki,KQ
kuwejckich,KQ
kuwejckie,KQ
kuwejckiego,KQ
kuwejckiej,KQ
kuwejckiemu,KQ
kuwejckim,KQ
kuwejckimi,KQ
kuwejcko,KQ
kuwejcku,KQ
kuwejcką,KQ
lankijscy,LK
lankijska,LK
lankijski,LK
lankijskich,LK
lankijskie,LK
lankijskiego,LK
lankijskiej,LK
lankijskiemu,LK
lankijskim,LK
lankijskimi,LK
lankijsko,LK
lankijsku,LK
lankijską,LK
laotańscy,LA
laotańska,LA
laotański,LA
laotańskich,LA
laotańskie,LA
laotańskiego,LA
laotańskiej,LA
laotańskiemu,LA
laotańskim,LA
laotańskimi,LA
laotańsko,LA
laotańsku,LA
laotańską,LA
lesotyjscy,LS
lesotyjska,LS
lesotyjski,LS
lesotyjskich,LS
lesotyjskie,LS
lesotyjskiego,LS
lesotyjskiej,LS
lesotyjskiemu,LS
lesotyjskim,LS
lesotyjskimi,LS
lesotyjsko,LS
lesotyjsku,LS
lesotyjską,LS
libańscy,LB
libańska,LB
libański,LB
libańskich,LB
libańskie,LB
libańskiego,LB
libańskiej,LB
libańskiemu,LB
libańskim,LB
libańskimi,LB
libańsko,LB
libańsku,LB
libańską,LB
liberyjscy,LR
liberyjska,LR
liberyjski,LR
liberyjskich,LR
liberyjskie,LR
liberyjskiego,LR
liberyjskiej,LR
liberyjskiemu,LR
liberyjskim,LR
liberyjskimi,LR
liberyjsko,LR
liberyjsku,LR
liberyjską,LR
libijscy,LY
libijska,LY
libijski,LY
libijskich,LY
libijskie,LY
libijskiego,LY
libijskiej,LY
libijskiemu,LY
libijskim,LY
libijskimi,LY
libijsko,LY
libijsku,LY
libijską,LY
litewscy,LY
litewska,LY
litewski,LY
litewskich,LY
litewskie,LY
litewskiego,LY
litewskiej,LY
litewskiemu,LY
litewskim,LY
litewskimi,LY
litewsko,LY
litewsku,LY
litewską,LY
luksemburscy,LU
luksemburska,LU
luksemburski,LU
luksemburskich,LU
luksemburskie,LU
luksemburskiego,LU
luksemburskiej,LU
luksemburskiemu,LU
luksemburskim,LU
luksemburskimi,LU
luksembursko,LU
luksembursku,LU
luksemburską,LU
macedońscy,MK
macedońska,MK
macedoński,MK
macedońskich,MK
macedońskie,MK
macedońskiego,MK
macedońskiej,MK
macedońskiemu,MK
macedońskim,MK
macedońskimi,MK
macedońsko,MK
macedońsku,MK
macedońską,MK
madagaskarscy,MG
madagaskarska,MG
madagaskarski,MG
madagaskarskich,MG
madagaskarskie,MG
madagaskarskiego,MG
madagaskarskiej,MG
madagaskarskiemu,MG
madagaskarskim,MG
madagaskarskimi,MG
madagaskarsko,MG
madagaskarsku,MG
madagaskarską,MG
malawijscy,MW
malawijska,MW
malawijski,MW
malawijskich,MW
malawijskie,MW
malawijskiego,MW
malawijskiej,MW
malawijskiemu,MW
malawijskim,MW
malawijskimi,MW
malawijsko,MW
malawijsku,MW
malawijską,MW
malediwscy,MV
malediwska,MV
malediwski,MV
malediwskich,MV
malediwskie,MV
malediwskiego,MV
malediwskiej,MV
malediwskiemu,MV
malediwskim,MV
malediwskimi,MV
malediwsko,MV
malediwsku,MV
malediwską,MV
malezyjscy,MY
malezyjska,MY
malezyjski,MY
malezyjskich,MY
malezyjskie,MY
malezyjskiego,MY
malezyjskiej,MY
malezyjskiemu,MY
malezyjskim,MY
malezyjskimi,MY
malezyjsko,MY
malezyjsku,MY
malezyjską,MY
malijscy,ML
malijska,ML
malijski,ML
malijskich,ML
malijskie,ML
malijskiego,ML
malijskiej,ML
malijskiemu,ML
malijskim,ML
malijskimi,ML
malijsko,ML
malijsku,ML
malijską,ML
maltańscy,MT
maltańska,MT
maltański,MT
maltańskich,MT
maltańskie,MT
maltańskiego,MT
maltańskiej,MT
maltańskiemu,MT
maltańskim,MT
maltańskimi,MT
maltańsko,MT
maltańsku,MT
maltańską,MT
marokańscy,MA
marokańska,MA
marokański,MA
marokańskich,MA
marokańskie,MA
marokańskiego,MA
marokańskiej,MA
marokańskiemu,MA
marokańskim,MA
marokańskimi,MA
marokańsko,MA
marokańsku,MA
marokańską,MA
mauretańscy,MR
mauretańska,MR
mauretański,MR
mauretańskich,MR
mauretańskie,MR
mauretańskiego,MR
mauretańskiej,MR
mauretańskiemu,MR
mauretańskim,MR
mauretańskimi,MR
mauretańsko,MR
mauretańsku,MR
mauretańską,MR
maurytyjscy,MY
maurytyjska,MY
maurytyjski,MY
maurytyjskich,MY
maurytyjskie,MY
maurytyjskiego,MY
maurytyjskiej,MY
maurytyjskiemu,MY
maurytyjskim,MY
maurytyjskimi,MY
maurytyjsko,MY
maurytyjsku,MY
maurytyjską,MY
meksykańscy,MX
meksykańska,MX
meksykański,MX
meksykańskich,MX
meksykańskie,MX
meksykańskiego,MX
meksykańskiej,MX
meksykańskiemu,MX
meksykańskim,MX
meksykańskimi,MX
meksykańsko,MX
meksykańsku,MX
meksykańską,MX
mikronezyjscy,FM
mikronezyjska,FM
mikronezyjski,FM
mikronezyjskich,FM
mikronezyjskie,FM
mikronezyjskiego,FM
mikronezyjskiej,FM
mikronezyjskiemu,FM
mikronezyjskim,FM
mikronezyjskimi,FM
mikronezyjsko,FM
mikronezyjsku,FM
mikronezyjską,FM
monakijscy,MC
monakijska,MC
monakijski,MC
monakijskich,MC
monakijskie,MC
monakijskiego,MC
monakijskiej,MC
monakijskiemu,MC
monakijskim,MC
monakijskimi,MC
monakijsko,MC
monakijsku,MC
monakijską,MC
mongolscy,MN
mongolska,MN
mongolski,MN
mongolskich,MN
mongolskie,MN
mongolskiego,MN
mongolskiej,MN
mongolskiemu,MN
mongolskim,MN
mongolskimi,MN
mongolsko,MN
mongolsku,MN
mongolską,MN
mozambiccy,MZ
mozambicka,MZ
mozambicki,MZ
mozambickich,MZ
mozambickie,MZ
mozambickiego,MZ
mozambickiej,MZ
mozambickiemu,MZ
mozambickim,MZ
mozambickimi,MZ
mozambicko,MZ
mozambicku,MZ
mozambicką,MZ
mołdawscy,MD
mołdawska,MD
mołdawski,MD
mołdawskich,MD
mołdawskie,MD
mołdawskiego,MD
mołdawskiej,MD
mołdawskiemu,MD
mołdawskim,MD
mołdawskimi,MD
mołdawsko,MD
mołdawsku,MD
mołdawską,MD
namibijscy,NA
namibijska,NA
namibijski,NA
namibijskich,NA
namibijskie,NA
namibijskiego,NA
namibijskiej,NA
namibijskiemu,NA
namibijskim,NA
namibijskimi,NA
namibijsko,NA
namibijsku,NA
namibijską,NA
nauruańscy,NR
nauruańska,NR
nauruański,NR
nauruańskich,NR
nauruańskie,NR
nauruańskiego,NR
nauruańskiej,NR
nauruańskiemu,NR
nauruańskim,NR
nauruańskimi,NR
nauruańsko,NR
nauruańsku,NR
nauruańską,NR
nepalscy,NP
nepalska,NP
nepalski,NP
nepalskich,NP
nepalskie,NP
nepalskiego,NP
nepalskiej,NP
nepalskiemu,NP
nepalskim,NP
nepalskimi,NP
nepalsko,NP
nepalsku,NP
nepalską,NP
niem,DE
niemieccy,DE
niemiecka,DE
niemiecki,DE
niemieckich,DE
niemieckie,DE
niemieckiego,DE
niemieckiej,DE
niemieckiemu,DE
niemieckim,DE
niemieckimi,DE
niemiecko,DE
niemiecku,DE
niemiecką,DE
nigerscy,NE
nigerska,NE
nigerski,NE
nigerskich,NE
nigerskie,NE
nigerskiego,NE
nigerskiej,NE
nigerskiemu,NE
nigerskim,NE
nigerskimi,NE
nigersko,NE
nigersku,NE
nigerską,NE
nigeryjscy,NG
nigeryjska,NG
nigeryjski,NG
nigeryjskich,NG
nigeryjskie,NG
nigeryjskiego,NG
nigeryjskiej,NG
nigeryjskiemu,NG
nigeryjskim,NG
nigeryjskimi,NG
nigeryjsko,NG
nigeryjsku,NG
nigeryjską,NG
nikaraguańscy,NI
nikaraguańska,NI
nikaraguański,NI
nikaraguańskich,NI
nikaraguańskie,NI
nikaraguańskiego,NI
nikaraguańskiej,NI
nikaraguańskiemu,NI
nikaraguańskim,NI
nikaraguańskimi,NI
nikaraguańsko,NI
nikaraguańsku,NI
nikaraguańską,NI
norwescy,NO
norweska,NO
norweski,NO
norweskich,NO
norweskie,NO
norweskiego,NO
norweskiej,NO
norweskiemu,NO
norweskim,NO
norweskimi,NO
norwesko,NO
norwesku,NO
norweską,NO
nowozelandzcy,NZ
nowozelandzka,NZ
nowozelandzki,NZ
nowozelandzkich,NZ
nowozelandzkie,NZ
nowozelandzkiego,NZ
nowozelandzkiej,NZ
nowozelandzkiemu,NZ
nowozelandzkim,NZ
nowozelandzkimi,NZ
nowozelandzko,NZ
nowozelandzku,NZ
nowozelandzką,NZ
omańscy,OM
omańska,OM
omański,OM
omańskich,OM
omańskie,OM
omańskiego,OM
omańskiej,OM
omańskiemu,OM
omańskim,OM
omańskimi,OM
omańsko,OM
omańsku,OM
omańską,OM
pakistańscy,PK
pakistańska,PK
pakistański,PK
pakistańskich,PK
pakistańskie,PK
pakistańskiego,PK
pakistańskiej,PK
pakistańskiemu,PK
pakistańskim,PK
pakistańskimi,PK
pakistańsko,PK
pakistańsku,PK
pakistańską,PK
palauscy,PW
palauska,PW
palauski,PW
palauskich,PW
palauskie,PW
palauskiego,PW
palauskiej,PW
palauskiemu,PW
palauskim,PW
palauskimi,PW
palausko,PW
palausku,PW
palauską,PW
panamscy,PA
panamska,PA
panamski,PA
panamskich,PA
panamskie,PA
panamskiego,PA
panamskiej,PA
panamskiemu,PA
panamskim,PA
panamskimi,PA
panamsko,PA
panamsku,PA
panamską,PA
papuańscy,PG
papuańska,PG
papuański,PG
papuańskich,PG
papuańskie,PG
papuańskiego,PG
papuańskiej,PG
papuańskiemu,PG
papuańskim,PG
papuańskimi,PG
papuańsko,PG
papuańsku,PG
papuańską,PG
paragwajscy,PY
paragwajska,PY
paragwajski,PY
paragwajskich,PY
paragwajskie,PY
paragwajskiego,PY
paragwajskiej,PY
paragwajskiemu,PY
paragwajskim,PY
paragwajskimi,PY
paragwajsko,PY
paragwajsku,PY
paragwajską,PY
peruwiańscy,PE
peruwiańska,PE
peruwiański,PE
peruwiańskich,PE
peruwiańskie,PE
peruwiańskiego,PE
peruwiańskiej,PE
peruwiańskiemu,PE
peruwiańskim,PE
peruwiańskimi,PE
peruwiańsko,PE
peruwiańsku,PE
peruwiańską,PE
polscy,PL
polska,PL
polski,PL
polskich,PL
polskie,PL
polskiego,PL
polskiej,PL
polskiemu,PL
polskim,PL
polskimi,PL
polsko,PL
polsku,PL
polską,PL
portugalscy,PT
portugalska,PT
portugalski,PT
portugalskich,PT
portugalskie,PT
portugalskiego,PT
portugalskiej,PT
portugalskiemu,PT
portugalskim,PT
portugalskimi,PT
portugalsko,PT
portugalsku,PT
portugalską,PT
południowoafrykańscy,ZA
południowoafrykańska,ZA
południowoafrykański,ZA
południowoafrykańskich,ZA
południowoafrykańskie,ZA
południowoafrykańskiego,ZA
południowoafrykańskiej,ZA
południowoafrykańskiemu,ZA
południowoafrykańskim,ZA
południowoafrykańskimi,ZA
południowoafrykańsko,ZA
południowoafrykańsku,ZA
południowoafrykańską,ZA
południowokoreańscy,KR
południowokoreańska,KR
południowokoreański,KR
południowokoreańskich,KR
południowokoreańskie,KR
południowokoreańskiego,KR
południowokoreańskiej,KR
południowokoreańskiemu,KR
południowokoreańskim,KR
południowokoreańskimi,KR
południowokoreańsko,KR
południowokoreańsku,KR
południowokoreańską,KR
północnokoreańscy,KP
północnokoreańska,KP
północnokoreański,KP
północnokoreańskich,KP
północnokoreańskie,KP
północnokoreańskiego,KP
północnokoreańskiej,KP
północnokoreańskiemu,KP
północnokoreańskim,KP
północnokoreańskimi,KP
północnokoreańsko,KP
północnokoreańsku,KP
północnokoreańską,KP
rosyjscy,RU
rosyjska,RU
rosyjski,RU
rosyjskich,RU
rosyjskie,RU
rosyjskiego,RU
rosyjskiej,RU
rosyjskiemu,RU
rosyjskim,RU
rosyjskimi,RU
rosyjsko,RU
rosyjsku,RU
rosyjską,RU
rumuńscy,RO
rumuńska,RO
rumuński,RO
rumuńskich,RO
rumuńskie,RO
rumuńskiego,RO
rumuńskiej,RO
rumuńskiemu,RO
rumuńskim,RO
rumuńskimi,RO
rumuńsko,RO
rumuńsku,RO
rumuńską,RO
rwandyjscy,RW
rwandyjska,RW
rwandyjski,RW
rwandyjskich,RW
rwandyjskie,RW
rwandyjskiego,RW
rwandyjskiej,RW
rwandyjskiemu,RW
rwandyjskim,RW
rwandyjskimi,RW
rwandyjsko,RW
rwandyjsku,RW
rwandyjską,RW
salwadorscy,SV
salwadorska,SV
salwadorski,SV
salwadorskich,SV
salwadorskie,SV
salwadorskiego,SV
salwadorskiej,SV
salwadorskiemu,SV
salwadorskim,SV
salwadorskimi,SV
salwadorsko,SV
salwadorsku,SV
salwadorską,SV
samoańscy,WS
samoańska,WS
samoański,WS
samoańskich,WS
samoańskie,WS
samoańskiego,WS
samoańskiej,WS
samoańskiemu,WS
samoańskim,WS
samoańskimi,WS
samoańsko,WS
samoańsku,WS
samoańską,WS
sanmaryńscy,SM
sanmaryńska,SM
sanmaryński,SM
sanmaryńskich,SM
sanmaryńskie,SM
sanmaryńskiego,SM
sanmaryńskiej,SM
sanmaryńskiemu,SM
sanmaryńskim,SM
sanmaryńskimi,SM
sanmaryńsko,SM
sanmaryńsku,SM
sanmaryńską,SM
saudyjscy,SA
saudyjska,SA
saudyjski,SA
saudyjskich,SA
saudyjskie,SA
saudyjskiego,SA
saudyjskiej,SA
saudyjskiemu,SA
saudyjskim,SA
saudyjskimi,SA
saudyjsko,SA
saudyjsku,SA
saudyjską,SA
senegalscy,SN
senegalska,SN
senegalski,SN
senegalskich,SN
senegalskie,SN
senegalskiego,SN
senegalskiej,SN
senegalskiemu,SN
senegalskim,SN
senegalskimi,SN
senegalsko,SN
senegalsku,SN
senegalską,SN
serbscy,XS
serbska,XS
serbski,XS
serbskich,XS
serbskie,XS
serbskiego,XS
serbskiej,XS
serbskiemu,XS
serbskim,XS
serbskimi,XS
serbsko,XS
serbsku,XS
serbską,XS
seszelscy,SC
seszelska,SC
seszelski,SC
seszelskich,SC
seszelskie,SC
seszelskiego,SC
seszelskiej,SC
seszelskiemu,SC
seszelskim,SC
seszelskimi,SC
seszelsko,SC
seszelsku,SC
seszelską,SC
sierraleońscy,SL
sierraleońska,SL
sierraleoński,SL
sierraleońskich,SL
sierraleońskie,SL
sierraleońskiego,SL
sierraleońskiej,SL
sierraleońskiemu,SL
sierraleońskim,SL
sierraleońskimi,SL
sierraleońsko,SL
sierraleońsku,SL
sierraleońską,SL
singapurscy,SG
singapurska,SG
singapurski,SG
singapurskich,SG
singapurskie,SG
singapurskiego,SG
singapurskiej,SG
singapurskiemu,SG
singapurskim,SG
singapurskimi,SG
singapursko,SG
singapursku,SG
singapurską,SG
somalijscy,SO
somalijska,SO
somalijski,SO
somalijskich,SO
somalijskie,SO
somalijskiego,SO
somalijskiej,SO
somalijskiemu,SO
somalijskim,SO
somalijskimi,SO
somalijsko,SO
somalijsku,SO
somalijską,SO
suazyjscy,SZ
suazyjska,SZ
suazyjski,SZ
suazyjskich,SZ
suazyjskie,SZ
suazyjskiego,SZ
suazyjskiej,SZ
suazyjskiemu,SZ
suazyjskim,SZ
suazyjskimi,SZ
suazyjsko,SZ
suazyjsku,SZ
suazyjską,SZ
sudańscy,SD
sudańska,SD
sudański,SD
sudańskich,SD
sudańskie,SD
sudańskiego,SD
sudańskiej,SD
sudańskiemu,SD
sudańskim,SD
sudańskimi,SD
sudańsko,SD
sudańsku,SD
sudańską,SD
surinamscy,SR
surinamska,SR
surinamski,SR
surinamskich,SR
surinamskie,SR
surinamskiego,SR
surinamskiej,SR
surinamskiemu,SR
surinamskim,SR
surinamskimi,SR
surinamsko,SR
surinamsku,SR
surinamską,SR
syryjscy,SY
syryjska,SY
syryjski,SY
syryjskich,SY
syryjskie,SY
syryjskiego,SY
syryjskiej,SY
syryjskiemu,SY
syryjskim,SY
syryjskimi,SY
syryjsko,SY
syryjsku,SY
syryjską,SY
szkoccy,GB
szkocka,GB
szkocki,GB
szkockich,GB
szkockie,GB
szkockiego,GB
szkockiej,GB
szkockiemu,GB
szkockim,GB
szkockimi,GB
szkocko,GB
szkocku,GB
szkocką,GB
szwajcarscy,CH
szwajcarska,CH
szwajcarski,CH
szwajcarskich,CH
szwajcarskie,CH
szwajcarskiego,CH
szwajcarskiej,CH
szwajcarskiemu,CH
szwajcarskim,CH
szwajcarskimi,CH
szwajcarsko,CH
szwajcarsku,CH
szwajcarską,CH
szwedzcy,SE
szwedzka,SE
szwedzki,SE
szwedzkich,SE
szwedzkie,SE
szwedzkiego,SE
szwedzkiej,SE
szwedzkiemu,SE
szwedzkim,SE
szwedzkimi,SE
szwedzko,SE
szwedzku,SE
szwedzką,SE
słowaccy,SK
słowacka,SK
słowacki,SK
słowackich,SK
słowackie,SK
słowackiego,SK
słowackiej,SK
słowackiemu,SK
słowackim,SK
słowackimi,SK
słowacko,SK
słowacku,SK
słowacką,SK
słoweńscy,SI
słoweńska,SI
słoweński,SI
słoweńskich,SI
słoweńskie,SI
słoweńskiego,SI
słoweńskiej,SI
słoweńskiemu,SI
słoweńskim,SI
słoweńskimi,SI
słoweńsko,SI
słoweńsku,SI
słoweńską,SI
tajlandzcy,TH
tajlandzka,TH
tajlandzki,TH
tajlandzkich,TH
tajlandzkie,TH
tajlandzkiego,TH
tajlandzkiej,TH
tajlandzkiemu,TH
tajlandzkim,TH
tajlandzkimi,TH
tajlandzko,TH
tajlandzku,TH
tajlandzką,TH
togijscy,TG
togijska,TG
togijski,TG
togijskich,TG
togijskie,TG
togijskiego,TG
togijskiej,TG
togijskiemu,TG
togijskim,TG
togijskimi,TG
togijsko,TG
togijsku,TG
togijską,TG
tongijscy,TO
tongijska,TO
tongijski,TO
tongijskich,TO
tongijskie,TO
tongijskiego,TO
tongijskiej,TO
tongijskiemu,TO
tongijskim,TO
tongijskimi,TO
tongijsko,TO
tongijsku,TO
tongijską,TO
tunezyjscy,TN
tunezyjska,TN
tunezyjski,TN
tunezyjskich,TN
tunezyjskie,TN
tunezyjskiego,TN
tunezyjskiej,TN
tunezyjskiemu,TN
tunezyjskim,TN
tunezyjskimi,TN
tunezyjsko,TN
tunezyjsku,TN
tunezyjską,TN
turec,TR
tureccy,TR
turecka,TR
turecki,TR
tureckich,TR
tureckie,TR
tureckiego,TR
tureckiej,TR
tureckiemu,TR
tureckim,TR
tureckimi,TR
turecko,TR
turecku,TR
turecką,TR
turkm,TM
turkmeńscy,TM
turkmeńska,TM
turkmeński,TM
turkmeńskich,TM
turkmeńskie,TM
turkmeńskiego,TM
turkmeńskiej,TM
turkmeńskiemu,TM
turkmeńskim,TM
turkmeńskimi,TM
turkmeńsko,TM
turkmeńsku,TM
turkmeńską,TM
tuwalscy,TV
tuwalska,TV
tuwalski,TV
tuwalskich,TV
tuwalskie,TV
tuwalskiego,TV
tuwalskiej,TV
tuwalskiemu,TV
tuwalskim,TV
tuwalskimi,TV
tuwalsko,TV
tuwalsku,TV
tuwalską,TV
ugandyjscy,UG
ugandyjska,UG
ugandyjski,UG
ugandyjskich,UG
ugandyjskie,UG
ugandyjskiego,UG
ugandyjskiej,UG
ugandyjskiemu,UG
ugandyjskim,UG
ugandyjskimi,UG
ugandyjsko,UG
ugandyjsku,UG
ugandyjską,UG
ukr,UA
ukraińscy,UA
ukraińska,UA
ukraiński,UA
ukraińskich,UA
ukraińskie,UA
ukraińskiego,UA
ukraińskiej,UA
ukraińskiemu,UA
ukraińskim,UA
ukraińskimi,UA
ukraińsko,UA
ukraińsku,UA
ukraińską,UA
urugwajscy,UY
urugwajska,UY
urugwajski,UY
urugwajskich,UY
urugwajskie,UY
urugwajskiego,UY
urugwajskiej,UY
urugwajskiemu,UY
urugwajskim,UY
urugwajskimi,UY
urugwajsko,UY
urugwajsku,UY
urugwajską,UY
uzbeccy,UZ
uzbecka,UZ
uzbecki,UZ
uzbeckich,UZ
uzbeckie,UZ
uzbeckiego,UZ
uzbeckiej,UZ
uzbeckiemu,UZ
uzbeckim,UZ
uzbeckimi,UZ
uzbecko,UZ
uzbecku,UZ
uzbecką,UZ
walijscy,GB
walijska,GB
walijski,GB
walijskich,GB
walijskie,GB
walijskiego,GB
walijskiej,GB
walijskiemu,GB
walijskim,GB
walijskimi,GB
walijsko,GB
walijsku,GB
walijską,GB
watykańscy,VA
watykańska,VA
watykański,VA
watykańskich,VA
watykańskie,VA
watykańskiego,VA
watykańskiej,VA
watykańskiemu,VA
watykańskim,VA
watykańskimi,VA
watykańsko,VA
watykańsku,VA
watykańską,VA
wenezuelscy,VE
wenezuelska,VE
wenezuelski,VE
wenezuelskich,VE
wenezuelskie,VE
wenezuelskiego,VE
wenezuelskiej,VE
wenezuelskiemu,VE
wenezuelskim,VE
wenezuelskimi,VE
wenezuelsko,VE
wenezuelsku,VE
wenezuelską,VE
wietnamscy,VN
wietnamska,VN
wietnamski,VN
wietnamskich,VN
wietnamskie,VN
wietnamskiego,VN
wietnamskiej,VN
wietnamskiemu,VN
wietnamskim,VN
wietnamskimi,VN
wietnamsko,VN
wietnamsku,VN
wietnamską,VN
węg,HU
węgierscy,HU
węgierska,HU
węgierski,HU
węgierskich,HU
węgierskie,HU
węgierskiego,HU
węgierskiej,HU
węgierskiemu,HU
węgierskim,HU
węgierskimi,HU
węgiersko,HU
węgiersku,HU
węgierską,HU
włoscy,IT
włoska,IT
włoski,IT
włoskich,IT
włoskie,IT
włoskiego,IT
włoskiej,IT
włoskiemu,IT
włoskim,IT
włoskimi,IT
włosko,IT
włosku,IT
włoską,IT
zambijscy,ZM
zambijska,ZM
zambijski,ZM
zambijskich,ZM
zambijskie,ZM
zambijskiego,ZM
zambijskiej,ZM
zambijskiemu,ZM
zambijskim,ZM
zambijskimi,ZM
zambijsko,ZM
zambijsku,ZM
zambijską,ZM
zimbabwejscy,ZW
zimbabwejska,ZW
zimbabwejski,ZW
zimbabwejskich,ZW
zimbabwejskie,ZW
zimbabwejskiego,ZW
zimbabwejskiej,ZW
zimbabwejskiemu,ZW
zimbabwejskim,ZW
zimbabwejskimi,ZW
zimbabwejsko,ZW
zimbabwejsku,ZW
zimbabwejską,ZW
łotw,LV
łotwa,LV
łotwach,LV
łotwami,LV
łotwie,LV
łotwo,LV
łotwom,LV
łotwy,LV
łotwą,LV
łotwę,LV
łotysz,LV
łotysza,LV
łotyszach,LV
łotyszami,LV
łotysze,LV
łotyszem,LV
łotyszom,LV
łotyszowi,LV
łotyszu,LV
łotyszy,LV
łotyszów,LV
łotewscy,LV
łotewska,LV
łotewski,LV
łotewskich,LV
łotewskie,LV
łotewskiego,LV
łotewskiej,LV
łotewskiemu,LV
łotewskim,LV
łotewskimi,LV
łotewsko,LV
łotewsku,LV
łotewską,LV
środkowoafrykańscy,CF
środkowoafrykańska,CF
środkowoafrykański,CF
środkowoafrykańskich,CF
środkowoafrykańskie,CF
środkowoafrykańskiego,CF
środkowoafrykańskiej,CF
środkowoafrykańskiemu,CF
środkowoafrykańskim,CF
środkowoafrykańskimi,CF
środkowoafrykańsko,CF
środkowoafrykańsku,CF
środkowoafrykańską,CF
stany zjednoczone,US
stanów zjednoczonych,US
stanom zjednoczonym,US
ameryka,US
waszyngton,US
dolar,US
wielka brytania,GB
anglia,GB
angielski,GB
angielsku,GB
walia,GB
walijski,GB
szkocja,GB
szkocki,GB
trump,US
obama,US
nowy jork,US
biały dom,US
pentagon,US
kim dzong un,KP
tusk,PL
kaczyński,PL
morawiecki,PL
szydło,PL
wig,PL
gpw,PL
królowa elżbieta,GB
buckingham,GB
floryda,US
kalifornia,US
chicago,US
putin,RU
moon jae-in,KR
macron,FR
merkel,DE
bawaria,DE
monachium,DE
hamburg,DE