Abudż,NG
Abudża,NG
Abudżach,NG
Abudżami,NG
Abudże,NG
Abudżo,NG
Abudżom,NG
Abudży,NG
Abudżą,NG
Abudżę,NG
Ad-Dauh,QA
Ad-Dauha,QA
Ad-Dauhach,QA
Ad-Dauhami,QA
Ad-Dauho,QA
Ad-Dauhom,QA
Ad-Dauhy,QA
Ad-Dauhą,QA
Ad-Dauhę,QA
Ad-Dausze,QA
Afganistan,AF
Afganistanach,AF
Afganistanami,AF
Afganistanem,AF
Afganistanie,AF
Afganistanom,AF
Afganistanowi,AF
Afganistanu,AF
Afganistany,AF
Afganistanów,AF
Afgańczycy,AF
Afgańczyk,AF
Afgańczyka,AF
Afgańczykach,AF
Afgańczykami,AF
Afgańczyki,AF
Afgańczykiem,AF
Afgańczykom,AF
Afgańczykowi,AF
Afgańczyku,AF
Afgańczyków,AF
Akr,GH
Akra,GH
Akrach,GH
Akrami,GH
Akro,GH
Akrom,GH
Akry,GH
Akrze,GH
Akrą,GH
Akrę,GH
Albania,AL
Albaniach,AL
Albaniami,AL
Albanie,AL
Albanii,AL
Albanio,AL
Albaniom,AL
Albanią,AL
Albanię,AL
Albańczycy,AL
Albańczyk,AL
Albańczyka,AL
Albańczykach,AL
Albańczykami,AL
Albańczyki,AL
Albańczykiem,AL
Albańczykom,AL
Albańczykowi,AL
Albańczyku,AL
Albańczyków,AL
Algier,DZ
Algierach,DZ
Algierami,DZ
Algierczycy,DZ
Algierczyk,DZ
Algierczyka,DZ
Algierczykach,DZ
Algierczykami,DZ
Algierczyki,DZ
Algierczykiem,DZ
Algierczykom,DZ
Algierczykowi,DZ
Algierczyku,DZ
Algierczyków,DZ
Algierem,DZ
Algieria,DZ
Algieriach,DZ
Algieriami,DZ
Algierie,DZ
Algierii,DZ
Algierio,DZ
Algieriom,DZ
Algierią,DZ
Algierię,DZ
Algierom,DZ
Algierowi,DZ
Algieru,DZ
Algiery,DZ
Algierze,DZ
Algierów,DZ
Amerykanach,US
Amerykanami,US
Amerykanie,US
Amerykanin,US
Amerykanina,US
Amerykaninem,US
Amerykaninie,US
Amerykaninowi,US
Amerykanom,US
Amerykany,US
Amerykanów,US
Amman,JO
Ammanach,JO
Ammanami,JO
Ammanem,JO
Ammanie,JO
Ammanom,JO
Ammanowi,JO
Ammanu,JO
Ammany,JO
Ammanów,JO
Amsterdam,NL
Amsterdamach,NL
Amsterdamami,NL
Amsterdamem,NL
Amsterdamie,NL
Amsterdamom,NL
Amsterdamowi,NL
Amsterdamu,NL
Amsterdamy,NL
Amsterdamów,NL
Andor,AD
Andora,AD
Andorach,AD
Andorami,AD
Andorczycy,AD
Andorczyk,AD
Andorczyka,AD
Andorczykach,AD
Andorczykami,AD
Andorczyki,AD
Andorczykiem,AD
Andorczykom,AD
Andorczykowi,AD
Andorczyku,AD
Andorczyków,AD
Andoro,AD
Andorom,AD
Andory,AD
Andorze,AD
Andorą,AD
Andorę,AD
Anglia,GB
Angliach,GB
Angliami,GB
Anglicy,GB
Anglie,GB
Anglii,GB
Anglik,GB
Anglika,GB
Anglikach,GB
Anglikami,GB
Angliki,GB
Anglikiem,GB
Anglikom,GB
Anglikowi,GB
Angliku,GB
Anglików,GB
Anglio,GB
Angliom,GB
Anglią,GB
Anglię,GB
Angol,AO
Angola,AO
Angolach,AO
Angolami,AO
Angolczycy,AO
Angolczyk,AO
Angolczyka,AO
Angolczykach,AO
Angolczykami,AO
Angolczyki,AO
Angolczykiem,AO
Angolczykom,AO
Angolczykowi,AO
Angolczyku,AO
Angolczyków,AO
Angole,AO
Angoli,AO
Angolo,AO
Angolom,AO
Angolą,AO
Angolę,AO
Ankar,TR
Ankara,TR
Ankarach,TR
Ankarami,TR
Ankaro,TR
Ankarom,TR
Ankary,TR
Ankarze,TR
Ankarą,TR
Ankarę,TR
Antananaryw,MG
Antananarywa,MG
Antananarywach,MG
Antananarywami,MG
Antananarywie,MG
Antananarywo,MG
Antananarywom,MG
Antananarywy,MG
Antananarywą,MG
Antananarywę,MG
Apia,WS
Apiach,WS
Apiami,WS
Apie,WS
Apii,WS
Apio,WS
Apiom,WS
Apią,WS
Apię,WS
Argentyn,AR
Argentyna,AR
Argentynach,AR
Argentynami,AR
Argentynie,AR
Argentyno,AR
Argentynom,AR
Argentyny,AR
Argentyną,AR
Argentynę,AR
Argentyńczycy,AR
Argentyńczyk,AR
Argentyńczyka,AR
Argentyńczykach,AR
Argentyńczykami,AR
Argentyńczyki,AR
Argentyńczykiem,AR
Argentyńczykom,AR
Argentyńczykowi,AR
Argentyńczyku,AR
Argentyńczyków,AR
Armenia,AM
Armeniach,AM
Armeniami,AM
Armenie,AM
Armenii,AM
Armenio,AM
Armeniom,AM
Armenią,AM
Armenię,AM
Armeńczycy,AM
Armeńczyk,AM
Armeńczyka,AM
Armeńczykach,AM
Armeńczykami,AM
Armeńczyki,AM
Armeńczykiem,AM
Armeńczykom,AM
Armeńczykowi,AM
Armeńczyku,AM
Armeńczyków,AM
Asmar,ER
Asmara,ER
Asmarach,ER
Asmarami,ER
Asmaro,ER
Asmarom,ER
Asmary,ER
Asmarze,ER
Asmarą,ER
Asmarę,ER
Astan,KZ
Astana,KZ
Astanach,KZ
Astanami,KZ
Astanie,KZ
Astano,KZ
Astanom,KZ
Astany,KZ
Astaną,KZ
Astanę,KZ
Asunción,PY
Asunciónach,PY
Asunciónami,PY
Asunciónem,PY
Asunciónie,PY
Asunciónom,PY
Asunciónowi,PY
Asunciónu,PY
Asuncióny,PY
Asunciónów,PY
Aszchabad,TM
Aszchabadach,TM
Aszchabadami,TM
Aszchabadem,TM
Aszchabadom,TM
Aszchabadowi,TM
Aszchabadu,TM
Aszchabady,TM
Aszchabadzie,TM
Aszchabadów,TM
Aten,GR
Atenach,GR
Atenami,GR
Atenom,GR
Ateny,GR
Australia,AU
Australiach,AU
Australiami,AU
Australie,AU
Australii,AU
Australijczycy,AU
Australijczyk,AU
Australijczyka,AU
Australijczykach,AU
Australijczykami,AU
Australijczyki,AU
Australijczykiem,AU
Australijczykom,AU
Australijczykowi,AU
Australijczyku,AU
Australijczyków,AU
Australio,AU
Australiom,AU
Australią,AU
Australię,AU
Austria,AT
Austriach,AT
Austriacy,AT
Austriak,AT
Austriaka,AT
Austriakach,AT
Austriakami,AT
Austriaki,AT
Austriakiem,AT
Austriakom,AT
Austriakowi,AT
Austriaku,AT
Austriaków,AT
Austriami,AT
Austrie,AT
Austrii,AT
Austrio,AT
Austriom,AT
Austrią,AT
Austrię,AT
Azerbejdżan,AZ
Azerbejdżan,AZ
Azerbejdżanach,AZ
Azerbejdżanach,AZ
Azerbejdżanami,AZ
Azerbejdżanami,AZ
Azerbejdżanem,AZ
Azerbejdżanie,AZ
Azerbejdżanie,AZ
Azerbejdżanin,AZ
Azerbejdżanina,AZ
Azerbejdżaninem,AZ
Azerbejdżaninie,AZ
Azerbejdżaninowi,AZ
Azerbejdżanom,AZ
Azerbejdżanom,AZ
Azerbejdżanowi,AZ
Azerbejdżanu,AZ
Azerbejdżany,AZ
Azerbejdżany,AZ
Azerbejdżanów,AZ
Bagdad,IQ
Bagdadach,IQ
Bagdadami,IQ
Bagdadem,IQ
Bagdadom,IQ
Bagdadowi,IQ
Bagdadu,IQ
Bagdady,IQ
Bagdadzie,IQ
Bagdadów,IQ
Bahamach,BS
Bahamami,BS
Bahamczycy,BS
Bahamczyk,BS
Bahamczyka,BS
Bahamczykach,BS
Bahamczykami,BS
Bahamczyki,BS
Bahamczykiem,BS
Bahamczykom,BS
Bahamczykowi,BS
Bahamczyku,BS
Bahamczyków,BS
Bahamom,BS
Bahamy,BS
Bahamów,BS
Bahrajn,BH
Bahrajnach,BH
Bahrajnami,BH
Bahrajnem,BH
Bahrajnie,BH
Bahrajnom,BH
Bahrajnowi,BH
Bahrajnu,BH
Bahrajny,BH
Bahrajnów,BH
Baku,AZ
Bamako,ML
Bandżul,GM
Bandżulach,GM
Bandżulami,GM
Bandżule,GM
Bandżulem,GM
Bandżuli,GM
Bandżulom,GM
Bandżulowi,GM
Bandżulu,GM
Bangi,CF
Bangkok,TH
Bangkokach,TH
Bangkokami,TH
Bangkoki,TH
Bangkokiem,TH
Bangkokom,TH
Bangkokowi,TH
Bangkoku,TH
Bangkoków,TH
Bangladesz,BD
Bangladeszach,BD
Bangladeszami,BD
Bangladesze,BD
Bangladeszem,BD
Bangladeszom,BD
Bangladeszowi,BD
Bangladeszu,BD
Bangladeszów,BD
Banglijczycy,BD
Banglijczyk,BD
Banglijczyka,BD
Banglijczykach,BD
Banglijczykami,BD
Banglijczyki,BD
Banglijczykiem,BD
Banglijczykom,BD
Banglijczykowi,BD
Banglijczyku,BD
Banglijczyków,BD
Barbados,BB
Barbadosach,BB
Barbadosami,BB
Barbadosem,BB
Barbadosie,BB
Barbadosom,BB
Barbadosowi,BB
Barbadosu,BB
Barbadosy,BB
Barbadosów,BB
Basseterre,KN
Bejrucie,LB
Bejrut,LB
Bejrutach,LB
Bejrutami,LB
Bejrutem,LB
Bejrutom,LB
Bejrutowi,LB
Bejrutu,LB
Bejruty,LB
Bejrutów,LB
Belgia,BE
Belgiach,BE
Belgiami,BE
Belgie,BE
Belgii,BE
Belgio,BE
Belgiom,BE
Belgią,BE
Belgię,BE
Belgrad,XS
Belgradach,XS
Belgradami,XS
Belgradem,XS
Belgradom,XS
Belgradowi,XS
Belgradu,XS
Belgrady,XS
Belgradzie,XS
Belgradów,XS
Belize,BZ
Belizeńczycy,BZ
Belizeńczyk,BZ
Belizeńczyka,BZ
Belizeńczykach,BZ
Belizeńczykami,BZ
Belizeńczyki,BZ
Belizeńczykiem,BZ
Belizeńczykom,BZ
Belizeńczykowi,BZ
Belizeńczyku,BZ
Belizeńczyków,BZ
Belmopan,BZ
Belmopanach,BZ
Belmopanami,BZ
Belmopanem,BZ
Belmopanie,BZ
Belmopanom,BZ
Belmopanowi,BZ
Belmopanu,BZ
Belmopany,BZ
Belmopanów,BZ
Benin,BJ
Beninach,BJ
Beninami,BJ
Beninem,BJ
Beninie,BJ
Beninom,BJ
Beninowi,BJ
Beninu,BJ
Beniny,BJ
Beninów,BJ
Benińczycy,BJ
Benińczyk,BJ
Benińczyka,BJ
Benińczykach,BJ
Benińczykami,BJ
Benińczyki,BJ
Benińczykiem,BJ
Benińczykom,BJ
Benińczykowi,BJ
Benińczyku,BJ
Benińczyków,BJ
Berlin,DE
Berlina,DE
Berlinach,DE
Berlinami,DE
Berlinem,DE
Berlinie,DE
Berlinom,DE
Berlinowi,DE
Berliny,DE
Berlinów,DE
Bern,CH
Berna,CH
Bernach,CH
Bernami,CH
Bernem,CH
Bernie,CH
Berno,CH
Bernom,CH
Bernu,CH
Bhutan,BT
Bhutanach,BT
Bhutanami,BT
Bhutanem,BT
Bhutanie,BT
Bhutanom,BT
Bhutanowi,BT
Bhutanu,BT
Bhutany,BT
Bhutanów,BT
Bhutańczycy,BT
Bhutańczyk,BT
Bhutańczyka,BT
Bhutańczykach,BT
Bhutańczykami,BT
Bhutańczyki,BT
Bhutańczykiem,BT
Bhutańczykom,BT
Bhutańczykowi,BT
Bhutańczyku,BT
Bhutańczyków,BT
Białorusi,BY
Białorusiach,BY
Białorusiami,BY
Białorusie,BY
Białorusin,BY
Białorusina,BY
Białorusinach,BY
Białorusinami,BY
Białorusinem,BY
Białorusini,BY
Białorusinie,BY
Białorusinom,BY
Białorusinowi,BY
Białorusiny,BY
Białorusinów,BY
Białorusiom,BY
Białorusią,BY
Białoruś,BY
Birm,MM
Birma,MM
Birmach,MM
Birmami,MM
Birmie,MM
Birmo,MM
Birmom,MM
Birmy,MM
Birmą,MM
Birmę,MM
Bissau,GN
Biszkek,KG
Biszkekach,KG
Biszkekami,KG
Biszkeki,KG
Biszkekiem,KG
Biszkekom,KG
Biszkekowi,KG
Biszkeku,KG
Biszkeków,KG
Bogocie,CO
Bogot,CO
Bogota,CO
Bogotach,CO
Bogotami,CO
Bogoto,CO
Bogotom,CO
Bogoty,CO
Bogotą,CO
Bogotę,CO
Boliwia,BO
Boliwiach,BO
Boliwiami,BO
Boliwie,BO
Boliwii,BO
Boliwijczycy,BO
Boliwijczyk,BO
Boliwijczyka,BO
Boliwijczykach,BO
Boliwijczykami,BO
Boliwijczyki,BO
Boliwijczykiem,BO
Boliwijczykom,BO
Boliwijczykowi,BO
Boliwijczyku,BO
Boliwijczyków,BO
Boliwio,BO
Boliwiom,BO
Boliwią,BO
Boliwię,BO
Botswan,BW
Botswana,BW
Botswanach,BW
Botswanami,BW
Botswanie,BW
Botswano,BW
Botswanom,BW
Botswany,BW
Botswaną,BW
Botswanę,BW
Botswańczycy,BW
Botswańczyk,BW
Botswańczyka,BW
Botswańczykach,BW
Botswańczykami,BW
Botswańczyki,BW
Botswańczykiem,BW
Botswańczykom,BW
Botswańczykowi,BW
Botswańczyku,BW
Botswańczyków,BW
Brasília,BR
Brasíliach,BR
Brasíliami,BR
Brasílie,BR
Brasílii,BR
Brasílio,BR
Brasíliom,BR
Brasílią,BR
Brasílię,BR
Bratysław,SK
Bratysława,SK
Bratysławach,SK
Bratysławami,SK
Bratysławie,SK
Bratysławo,SK
Bratysławom,SK
Bratysławy,SK
Bratysławą,SK
Bratysławę,SK
Brazylia,BR
Brazyliach,BR
Brazyliami,BR
Brazylie,BR
Brazylii,BR
Brazylijczycy,BR
Brazylijczyk,BR
Brazylijczyka,BR
Brazylijczykach,BR
Brazylijczykami,BR
Brazylijczyki,BR
Brazylijczykiem,BR
Brazylijczykom,BR
Brazylijczykowi,BR
Brazylijczyku,BR
Brazylijczyków,BR
Brazylio,BR
Brazyliom,BR
Brazylią,BR
Brazylię,BR
Brazzaville,CG
Bridgetown,BB
Bruksel,BE
Bruksela,BE
Brukselach,BE
Brukselami,BE
Bruksele,BE
Brukseli,BE
Brukselo,BE
Brukselom,BE
Brukselą,BE
Brukselę,BE
Brunejczycy,BN
Brunejczyk,BN
Brunejczyka,BN
Brunejczykach,BN
Brunejczykami,BN
Brunejczyki,BN
Brunejczykiem,BN
Brunejczykom,BN
Brunejczykowi,BN
Brunejczyku,BN
Brunejczyków,BN
Brytyjczycy,GB
Brytyjczyk,GB
Brytyjczyka,GB
Brytyjczykach,GB
Brytyjczykami,GB
Brytyjczyki,GB
Brytyjczykiem,GB
Brytyjczykom,GB
Brytyjczykowi,GB
Brytyjczyku,GB
Brytyjczyków,GB
Budapeszcie,HU
Budapeszt,HU
Budapesztach,HU
Budapesztami,HU
Budapesztem,HU
Budapesztom,HU
Budapesztowi,HU
Budapesztu,HU
Budapeszty,HU
Budapesztów,HU
Bukareszcie,RO
Bukareszt,RO
Bukaresztach,RO
Bukaresztami,RO
Bukaresztem,RO
Bukaresztom,RO
Bukaresztowi,RO
Bukaresztu,RO
Bukareszty,RO
Bukaresztów,RO
Burm,MM
Burma,MM
Burmach,MM
Burmami,MM
Burmie,MM
Burmo,MM
Burmom,MM
Burmy,MM
Burmą,MM
Burmę,MM
Burundi,BI
Burundyjczycy,BI
Burundyjczyk,BI
Burundyjczyka,BI
Burundyjczykach,BI
Burundyjczykami,BI
Burundyjczyki,BI
Burundyjczykiem,BI
Burundyjczykom,BI
Burundyjczykowi,BI
Burundyjczyku,BI
Burundyjczyków,BI
Bułgar,BG
Bułgara,BG
Bułgarach,BG
Bułgarami,BG
Bułgarem,BG
Bułgaria,BG
Bułgariach,BG
Bułgariami,BG
Bułgarie,BG
Bułgarii,BG
Bułgario,BG
Bułgariom,BG
Bułgarią,BG
Bułgarię,BG
Bułgarom,BG
Bułgarowi,BG
Bułgary,BG
Bułgarze,BG
Bułgarzy,BG
Bułgarów,BG
Bużumbur,BI
Bużumbura,BI
Bużumburach,BI
Bużumburami,BI
Bużumburo,BI
Bużumburom,BI
Bużumbury,BI
Bużumburze,BI
Bużumburą,BI
Bużumburę,BI
Canberr,AU
Canberra,AU
Canberrach,AU
Canberrami,AU
Canberro,AU
Canberrom,AU
Canberry,AU
Canberrą,AU
Canberrę,AU
Canberze,AU
Caracas,VE
Castries,LC
Chartum,SD
Chartumach,SD
Chartumami,SD
Chartumem,SD
Chartumie,SD
Chartumom,SD
Chartumowi,SD
Chartumu,SD
Chartumy,SD
Chartumów,SD
Chile,CL
Chilijczycy,CL
Chilijczyk,CL
Chilijczyka,CL
Chilijczykach,CL
Chilijczykami,CL
Chilijczyki,CL
Chilijczykiem,CL
Chilijczykom,CL
Chilijczykowi,CL
Chilijczyku,CL
Chilijczyków,CL
Chin,CN
Chinach,CN
Chinami,CN
Chinom,CN
Chiny,CN
Chińczycy,CN
Chińczyk,CN
Chińczyka,CN
Chińczykach,CN
Chińczykami,CN
Chińczyki,CN
Chińczykiem,CN
Chińczykom,CN
Chińczykowi,CN
Chińczyku,CN
Chińczyków,CN
Chorwaci,HR
Chorwacie,HR
Chorwacja,HR
Chorwacjach,HR
Chorwacjami,HR
Chorwacje,HR
Chorwacji,HR
Chorwacjo,HR
Chorwacjom,HR
Chorwacją,HR
Chorwację,HR
Chorwat,HR
Chorwata,HR
Chorwatach,HR
Chorwatami,HR
Chorwatem,HR
Chorwatom,HR
Chorwatowi,HR
Chorwaty,HR
Chorwatów,HR
Cypr,CY
Cyprach,CY
Cyprami,CY
Cyprem,CY
Cyprom,CY
Cyprowi,CY
Cypru,CY
Cypry,CY
Cypryjczycy,CY
Cypryjczyk,CY
Cypryjczyka,CY
Cypryjczykach,CY
Cypryjczykami,CY
Cypryjczyki,CY
Cypryjczykiem,CY
Cypryjczykom,CY
Cypryjczykowi,CY
Cypryjczyku,CY
Cypryjczyków,CY
Cyprze,CY
Cyprów,CY
Czad,TD
Czadach,TD
Czadami,TD
Czadem,TD
Czadom,TD
Czadowi,TD
Czadu,TD
Czady,TD
Czadyjczycy,TD
Czadyjczyk,TD
Czadyjczyka,TD
Czadyjczykach,TD
Czadyjczykami,TD
Czadyjczyki,TD
Czadyjczykiem,TD
Czadyjczykom,TD
Czadyjczykowi,TD
Czadyjczyku,TD
Czadyjczyków,TD
Czadzie,TD
Czadów,TD
Czarnogór,ME
Czarnogóra,ME
Czarnogórach,ME
Czarnogórami,ME
Czarnogóro,ME
Czarnogórom,ME
Czarnogóry,ME
Czarnogórze,ME
Czarnogórą,ME
Czarnogórę,ME
Czech,CZ
Czech,CZ
Czecha,CZ
Czechach,CZ
Czechach,CZ
Czechami,CZ
Czechami,CZ
Czechem,CZ
Czechom,CZ
Czechom,CZ
Czechowi,CZ
Czechowie,CZ
Czechu,CZ
Czechy,CZ
Czechy,CZ
Czechów,CZ
Czesi,CZ
Dakar,SN
Dakarach,SN
Dakarami,SN
Dakarem,SN
Dakarom,SN
Dakarowi,SN
Dakaru,SN
Dakary,SN
Dakarze,SN
Dakarów,SN
Damaszek,SY
Damaszkach,SY
Damaszkami,SY
Damaszki,SY
Damaszkiem,SY
Damaszkom,SY
Damaszkowi,SY
Damaszku,SY
Damaszków,SY
Dania,DK
Daniach,DK
Daniami,DK
Danie,DK
Danii,DK
Danio,DK
Daniom,DK
Danią,DK
Danię,DK
Dhace,BD
Dhak,BD
Dhaka,BD
Dhakach,BD
Dhakami,BD
Dhaki,BD
Dhako,BD
Dhakom,BD
Dhaką,BD
Dhakę,BD
Dili,TL
Dodom,TZ
Dodoma,TZ
Dodomach,TZ
Dodomami,TZ
Dodomie,TZ
Dodomo,TZ
Dodomom,TZ
Dodomy,TZ
Dodomą,TZ
Dodomę,TZ
Dominice,DM
Dominik,DM
Dominika,DM
Dominikach,DM
Dominikami,DM
Dominikan,DO
Dominikana,DO
Dominikanach,DO
Dominikanami,DO
Dominikanie,DO
Dominikano,DO
Dominikanom,DO
Dominikany,DO
Dominikaną,DO
Dominikanę,DO
Dominikańczycy,DM
Dominikańczyk,DM
Dominikańczyka,DM
Dominikańczykach,DM
Dominikańczykami,DM
Dominikańczyki,DM
Dominikańczykiem,DM
Dominikańczykom,DM
Dominikańczykowi,DM
Dominikańczyku,DM
Dominikańczyków,DM
Dominiki,DM
Dominiko,DM
Dominikom,DM
Dominiką,DM
Dominikę,DM
Dublin,IE
Dublina,IE
Dublinach,IE
Dublinami,IE
Dublinem,IE
Dublinie,IE
Dublinom,IE
Dublinowi,IE
Dublinu,IE
Dubliny,IE
Dublinów,IE
Duszanbe,TJ
Duńczycy,DK
Duńczyk,DK
Duńczyka,DK
Duńczykach,DK
Duńczykami,DK
Duńczyki,DK
Duńczykiem,DK
Duńczykom,DK
Duńczykowi,DK
Duńczyku,DK
Duńczyków,DK
Dżakarcie,ID
Dżakart,ID
Dżakarta,ID
Dżakartach,ID
Dżakartami,ID
Dżakarto,ID
Dżakartom,ID
Dżakarty,ID
Dżakartą,ID
Dżakartę,ID
Dżibuti,DJ
Dżub,SS
Dżuba,SS
Dżubach,SS
Dżubami,SS
Dżubie,SS
Dżubo,SS
Dżubom,SS
Dżuby,SS
Dżubą,SS
Dżubę,SS
Egipcie,EG
Egipcjan,EG
Egipcjanach,EG
Egipcjanami,EG
Egipcjanie,EG
Egipcjanin,EG
Egipcjanina,EG
Egipcjaninem,EG
Egipcjaninie,EG
Egipcjaninowi,EG
Egipcjanom,EG
Egipcjany,EG
Egipt,EG
Egiptach,EG
Egiptami,EG
Egiptem,EG
Egiptom,EG
Egiptowi,EG
Egiptu,EG
Egipty,EG
Egiptów,EG
Ekwador,EC
Ekwadorach,EC
Ekwadorami,EC
Ekwadorczycy,EC
Ekwadorczyk,EC
Ekwadorczyka,EC
Ekwadorczykach,EC
Ekwadorczykami,EC
Ekwadorczyki,EC
Ekwadorczykiem,EC
Ekwadorczykom,EC
Ekwadorczykowi,EC
Ekwadorczyku,EC
Ekwadorczyków,EC
Ekwadorem,EC
Ekwadorom,EC
Ekwadorowi,EC
Ekwadoru,EC
Ekwadory,EC
Ekwadorze,EC
Ekwadorów,EC
Erytrea,ER
Erytreach,ER
Erytreami,ER
Erytree,ER
Erytrei,ER
Erytrejczycy,ER
Erytrejczyk,ER
Erytrejczyka,ER
Erytrejczykach,ER
Erytrejczykami,ER
Erytrejczyki,ER
Erytrejczykiem,ER
Erytrejczykom,ER
Erytrejczykowi,ER
Erytrejczyku,ER
Erytrejczyków,ER
Erytreo,ER
Erytreom,ER
Erytreą,ER
Erytreę,ER
Erywani,AM
Erywania,AM
Erywaniach,AM
Erywaniami,AM
Erywanie,AM
Erywaniem,AM
Erywaniom,AM
Erywaniowi,AM
Erywaniu,AM
Erywaniów,AM
Erywań,AM
Estonia,EE
Estoniach,EE
Estoniami,EE
Estonie,EE
Estonii,EE
Estonio,EE
Estoniom,EE
Estonią,EE
Estonię,EE
Estończycy,EE
Estończyk,EE
Estończyka,EE
Estończykach,EE
Estończykami,EE
Estończyki,EE
Estończykiem,EE
Estończykom,EE
Estończykowi,EE
Estończyku,EE
Estończyków,EE
Etiopczycy,ET
Etiopczyk,ET
Etiopczyka,ET
Etiopczykach,ET
Etiopczykami,ET
Etiopczyki,ET
Etiopczykiem,ET
Etiopczykom,ET
Etiopczykowi,ET
Etiopczyku,ET
Etiopczyków,ET
Etiopia,ET
Etiopiach,ET
Etiopiami,ET
Etiopie,ET
Etiopii,ET
Etiopio,ET
Etiopiom,ET
Etiopią,ET
Etiopię,ET
Fidżi,FJ
Fidżyjczycy,FJ
Fidżyjczyk,FJ
Fidżyjczyka,FJ
Fidżyjczykach,FJ
Fidżyjczykami,FJ
Fidżyjczyki,FJ
Fidżyjczykiem,FJ
Fidżyjczykom,FJ
Fidżyjczykowi,FJ
Fidżyjczyku,FJ
Fidżyjczyków,FJ
Filipin,PH
Filipinach,PH
Filipinami,PH
Filipinom,PH
Filipiny,PH
Filipińczycy,PH
Filipińczyk,PH
Filipińczyka,PH
Filipińczykach,PH
Filipińczykami,PH
Filipińczyki,PH
Filipińczykiem,PH
Filipińczykom,PH
Filipińczykowi,PH
Filipińczyku,PH
Filipińczyków,PH
Fin,FI
Fina,FI
Finach,FI
Finami,FI
Finem,FI
Finie,FI
Finlandczycy,FI
Finlandczyk,FI
Finlandczyka,FI
Finlandczykach,FI
Finlandczykami,FI
Finlandczyki,FI
Finlandczykiem,FI
Finlandczykom,FI
Finlandczykowi,FI
Finlandczyku,FI
Finlandczyków,FI
Finlandia,FI
Finlandiach,FI
Finlandiami,FI
Finlandie,FI
Finlandii,FI
Finlandio,FI
Finlandiom,FI
Finlandią,FI
Finlandię,FI
Finom,FI
Finowi,FI
Finowie,FI
Finy,FI
Finów,FI
Francja,FR
Francjach,FR
Francjami,FR
Francje,FR
Francji,FR
Francjo,FR
Francjom,FR
Francją,FR
Francję,FR
Francuz,FR
Francuza,FR
Francuzach,FR
Francuzami,FR
Francuzem,FR
Francuzi,FR
Francuzie,FR
Francuzom,FR
Francuzowi,FR
Francuzy,FR
Francuzów,FR
Freetown,SL
Gabon,GA
Gabonach,GA
Gabonami,GA
Gabonem,GA
Gabonie,GA
Gabonom,GA
Gabonowi,GA
Gabonu,GA
Gabony,GA
Gabonów,GA
Gaborone,BW
Gabończycy,GA
Gabończyk,GA
Gabończyka,GA
Gabończykach,GA
Gabończykami,GA
Gabończyki,GA
Gabończykiem,GA
Gabończykom,GA
Gabończykowi,GA
Gabończyku,GA
Gabończyków,GA
Gambia,GM
Gambiach,GM
Gambiami,GM
Gambie,GM
Gambii,GM
Gambijczycy,GM
Gambijczyk,GM
Gambijczyka,GM
Gambijczykach,GM
Gambijczykami,GM
Gambijczyki,GM
Gambijczykiem,GM
Gambijczykom,GM
Gambijczykowi,GM
Gambijczyku,GM
Gambijczyków,GM
Gambio,GM
Gambiom,GM
Gambią,GM
Gambię,GM
Georgetown,GY
Ghan,GH
Ghana,GH
Ghanach,GH
Ghanami,GH
Ghanie,GH
Ghano,GH
Ghanom,GH
Ghany,GH
Ghaną,GH
Ghanę,GH
Ghańczycy,GH
Ghańczyk,GH
Ghańczyka,GH
Ghańczykach,GH
Ghańczykami,GH
Ghańczyki,GH
Ghańczykiem,GH
Ghańczykom,GH
Ghańczykowi,GH
Ghańczyku,GH
Ghańczyków,GH
Grecja,GR
Grecjach,GR
Grecjami,GR
Grecje,GR
Grecji,GR
Grecjo,GR
Grecjom,GR
Grecją,GR
Grecję,GR
Grecy,GR
Grek,GR
Greka,GR
Grekach,GR
Grekami,GR
Greki,GR
Grekiem,GR
Grekom,GR
Grekowi,GR
Greku,GR
Greków,GR
Grenad,GD
Grenada,GD
Grenadach,GD
Grenadami,GD
Grenado,GD
Grenadom,GD
Grenady,GD
Grenadzie,GD
Grenadą,GD
Grenadę,GD
Gruzin,GE
Gruzina,GE
Gruzinach,GE
Gruzinami,GE
Gruzinem,GE
Gruzini,GE
Gruzinie,GE
Gruzinom,GE
Gruzinowi,GE
Gruziny,GE
Gruzinów,GE
Gruzja,GE
Gruzjach,GE
Gruzjami,GE
Gruzje,GE
Gruzji,GE
Gruzjo,GE
Gruzjom,GE
Gruzją,GE
Gruzję,GE
Gujan,GY
Gujana,GY
Gujanach,GY
Gujanami,GY
Gujanie,GY
Gujano,GY
Gujanom,GY
Gujany,GY
Gujaną,GY
Gujanę,GY
Gujańczycy,GY
Gujańczyk,GY
Gujańczyka,GY
Gujańczykach,GY
Gujańczykami,GY
Gujańczyki,GY
Gujańczykiem,GY
Gujańczykom,GY
Gujańczykowi,GY
Gujańczyku,GY
Gujańczyków,GY
Gwatemal,GT
Gwatemala,GT
Gwatemalach,GT
Gwatemalami,GT
Gwatemalczycy,GT
Gwatemalczyk,GT
Gwatemalczyka,GT
Gwatemalczykach,GT
Gwatemalczykami,GT
Gwatemalczyki,GT
Gwatemalczykiem,GT
Gwatemalczykom,GT
Gwatemalczykowi,GT
Gwatemalczyku,GT
Gwatemalczyków,GT
Gwatemale,GT
Gwatemali,GT
Gwatemalo,GT
Gwatemalom,GT
Gwatemalą,GT
Gwatemalę,GT
Gwinea,GN
Gwineach,GN
Gwineami,GN
Gwinee,GN
Gwinei,GN
Gwinejczycy,GN
Gwinejczyk,GN
Gwinejczyka,GN
Gwinejczykach,GN
Gwinejczykami,GN
Gwinejczyki,GN
Gwinejczykiem,GN
Gwinejczykom,GN
Gwinejczykowi,GN
Gwinejczyku,GN
Gwinejczyków,GN
Gwineo,GN
Gwineom,GN
Gwineą,GN
Gwineę,GN
Haitańczycy,HT
Haitańczyk,HT
Haitańczyka,HT
Haitańczykach,HT
Haitańczykami,HT
Haitańczyki,HT
Haitańczykiem,HT
Haitańczykom,HT
Haitańczykowi,HT
Haitańczyku,HT
Haitańczyków,HT
Haiti,HT
Hanoi,VN
Harare,ZW
Hawan,CU
Hawana,CU
Hawanach,CU
Hawanami,CU
Hawanie,CU
Hawano,CU
Hawanom,CU
Hawany,CU
Hawaną,CU
Hawanę,CU
Helsinek,FI
Helsinkach,FI
Helsinkami,FI
Helsinki,FI
Helsinkom,FI
Hindus,IN
Hindusa,IN
Hindusach,IN
Hindusami,IN
Hindusem,IN
Hindusi,IN
Hindusie,IN
Hindusom,IN
Hindusowi,IN
Hindusy,IN
Hindusów,IN
Hiszpan,ES
Hiszpana,ES
Hiszpanach,ES
Hiszpanami,ES
Hiszpanem,ES
Hiszpania,ES
Hiszpaniach,ES
Hiszpaniami,ES
Hiszpanie,ES
Hiszpanie,ES
Hiszpanii,ES
Hiszpanio,ES
Hiszpaniom,ES
Hiszpanią,ES
Hiszpanię,ES
Hiszpanom,ES
Hiszpanowi,ES
Hiszpany,ES
Hiszpanów,ES
Holandia,NL
Holandiach,NL
Holandiami,NL
Holandie,NL
Holandii,NL
Holandio,NL
Holandiom,NL
Holandią,NL
Holandię,NL
Holender,NL
Holendra,NL
Holendrach,NL
Holendrami,NL
Holendrem,NL
Holendrom,NL
Holendrowi,NL
Holendrowie,NL
Holendry,NL
Holendrze,NL
Holendrzy,NL
Holendrów,NL
Honduran,HN
Honduranach,HN
Honduranami,HN
Honduranie,HN
Honduranin,HN
Honduranina,HN
Honduraninem,HN
Honduraninie,HN
Honduraninowi,HN
Honduranom,HN
Hondurany,HN
Honduras,HN
Hondurasach,HN
Hondurasami,HN
Hondurasem,HN
Hondurasie,HN
Hondurasom,HN
Hondurasowi,HN
Hondurasu,HN
Hondurasy,HN
Hondurasów,HN
Honiar,SB
Honiara,SB
Honiarach,SB
Honiarami,SB
Honiaro,SB
Honiarom,SB
Honiary,SB
Honiarze,SB
Honiarą,SB
Honiarę,SB
Indiach,IN
Indiami,IN
Indie,IN
Indii,IN
Indiom,IN
Indonezja,ID
Indonezjach,ID
Indonezjami,ID
Indonezje,ID
Indonezji,ID
Indonezjo,ID
Indonezjom,ID
Indonezją,ID
Indonezję,ID
Indonezyjczycy,ID
Indonezyjczyk,ID
Indonezyjczyka,ID
Indonezyjczykach,ID
Indonezyjczykami,ID
Indonezyjczyki,ID
Indonezyjczykiem,ID
Indonezyjczykom,ID
Indonezyjczykowi,ID
Indonezyjczyku,ID
Indonezyjczyków,ID
Indus,IN
Indusa,IN
Indusach,IN
Indusami,IN
Indusem,IN
Indusi,IN
Indusie,IN
Indusom,IN
Indusowi,IN
Indusu,IN
Indusy,IN
Indusów,IN
Irak,IQ
Irakach,IQ
Irakami,IQ
Iraki,IQ
Irakiem,IQ
Irakijczycy,IQ
Irakijczyk,IQ
Irakijczyka,IQ
Irakijczykach,IQ
Irakijczykami,IQ
Irakijczyki,IQ
Irakijczykiem,IQ
Irakijczykom,IQ
Irakijczykowi,IQ
Irakijczyku,IQ
Irakijczyków,IQ
Irakom,IQ
Irakowi,IQ
Iraku,IQ
Iraków,IQ
Iran,IR
Iranach,IR
Iranami,IR
Iranem,IR
Iranie,IR
Iranom,IR
Iranowi,IR
Iranu,IR
Irany,IR
Iranów,IR
Irańczycy,IR
Irańczyk,IR
Irańczyka,IR
Irańczykach,IR
Irańczykami,IR
Irańczyki,IR
Irańczykiem,IR
Irańczykom,IR
Irańczykowi,IR
Irańczyku,IR
Irańczyków,IR
Irlandczycy,IE
Irlandczyk,IE
Irlandczyka,IE
Irlandczykach,IE
Irlandczykami,IE
Irlandczyki,IE
Irlandczykiem,IE
Irlandczykom,IE
Irlandczykowi,IE
Irlandczyku,IE
Irlandczyków,IE
Irlandia,IE
Irlandiach,IE
Irlandiami,IE
Irlandie,IE
Irlandii,IE
Irlandio,IE
Irlandiom,IE
Irlandią,IE
Irlandię,IE
Islamabad,PK
Islamabadach,PK
Islamabadami,PK
Islamabadem,PK
Islamabadom,PK
Islamabadowi,PK
Islamabadu,PK
Islamabady,PK
Islamabadzie,PK
Islamabadów,PK
Islandczycy,IS
Islandczyk,IS
Islandczyka,IS
Islandczykach,IS
Islandczykami,IS
Islandczyki,IS
Islandczykiem,IS
Islandczykom,IS
Islandczykowi,IS
Islandczyku,IS
Islandczyków,IS
Islandia,IS
Islandiach,IS
Islandiami,IS
Islandie,IS
Islandii,IS
Islandio,IS
Islandiom,IS
Islandią,IS
Islandię,IS
Izrael,IL
Izraela,IL
Izraelach,IL
Izraelami,IL
Izraelczycy,IL
Izraelczyk,IL
Izraelczyka,IL
Izraelczykach,IL
Izraelczykami,IL
Izraelczyki,IL
Izraelczykiem,IL
Izraelczykom,IL
Izraelczykowi,IL
Izraelczyku,IL
Izraelczyków,IL
Izraele,IL
Izraelem,IL
Izraeli,IL
Izraelom,IL
Izraelowi,IL
Izraelowie,IL
Izraelu,IL
Izraelów,IL
Jamajce,JM
Jamajczycy,JM
Jamajczyk,JM
Jamajczyka,JM
Jamajczykach,JM
Jamajczykami,JM
Jamajczyki,JM
Jamajczykiem,JM
Jamajczykom,JM
Jamajczykowi,JM
Jamajczyku,JM
Jamajczyków,JM
Jamajek,JM
Jamajka,JM
Jamajkach,JM
Jamajkami,JM
Jamajki,JM
Jamajko,JM
Jamajkom,JM
Jamajką,JM
Jamajkę,JM
Japonia,JP
Japoniach,JP
Japoniami,JP
Japonie,JP
Japonii,JP
Japonio,JP
Japoniom,JP
Japonią,JP
Japonię,JP
Japończycy,JP
Japończyk,JP
Japończyka,JP
Japończykach,JP
Japończykami,JP
Japończyki,JP
Japończykiem,JP
Japończykom,JP
Japończykowi,JP
Japończyku,JP
Japończyków,JP
Jaunde,CM
Jemen,YE
Jemenach,YE
Jemenami,YE
Jemenem,YE
Jemenie,YE
Jemenom,YE
Jemenowi,YE
Jemenu,YE
Jemeny,YE
Jemenów,YE
Jemeńczycy,YE
Jemeńczyk,YE
Jemeńczyka,YE
Jemeńczykach,YE
Jemeńczykami,YE
Jemeńczyki,YE
Jemeńczykiem,YE
Jemeńczykom,YE
Jemeńczykowi,YE
Jemeńczyku,YE
Jemeńczyków,YE
Jerozolim,IL
Jerozolima,IL
Jerozolimach,IL
Jerozolimami,IL
Jerozolimie,IL
Jerozolimo,IL
Jerozolimom,IL
Jerozolimy,IL
Jerozolimą,IL
Jerozolimę,IL
Jordania,JO
Jordaniach,JO
Jordaniami,JO
Jordanie,JO
Jordanii,JO
Jordanio,JO
Jordaniom,JO
Jordanią,JO
Jordanię,JO
Jordańczycy,JO
Jordańczyk,JO
Jordańczyka,JO
Jordańczykach,JO
Jordańczykami,JO
Jordańczyki,JO
Jordańczykiem,JO
Jordańczykom,JO
Jordańczykowi,JO
Jordańczyku,JO
Jordańczyków,JO
Kabul,AF
Kabulach,AF
Kabulami,AF
Kabule,AF
Kabulem,AF
Kabuli,AF
Kabulom,AF
Kabulowi,AF
Kabulu,AF
Kabulów,AF
Kair,EG
Kairach,EG
Kairami,EG
Kairem,EG
Kairom,EG
Kairowi,EG
Kairu,EG
Kairy,EG
Kairze,EG
Kairów,EG
Kambodż,KH
Kambodża,KH
Kambodżach,KH
Kambodżami,KH
Kambodżan,KH
Kambodżanach,KH
Kambodżanami,KH
Kambodżanie,KH
Kambodżanin,KH
Kambodżanina,KH
Kambodżaninem,KH
Kambodżaninie,KH
Kambodżaninowi,KH
Kambodżanom,KH
Kambodżany,KH
Kambodże,KH
Kambodżo,KH
Kambodżom,KH
Kambodży,KH
Kambodżą,KH
Kambodżę,KH
Kamerun,CM
Kamerunach,CM
Kamerunami,CM
Kamerunem,CM
Kamerunie,CM
Kamerunom,CM
Kamerunowi,CM
Kamerunu,CM
Kameruny,CM
Kamerunów,CM
Kameruńczycy,CM
Kameruńczyk,CM
Kameruńczyka,CM
Kameruńczykach,CM
Kameruńczykami,CM
Kameruńczyki,CM
Kameruńczykiem,CM
Kameruńczykom,CM
Kameruńczykowi,CM
Kameruńczyku,CM
Kameruńczyków,CM
Kampal,UG
Kampala,UG
Kampalach,UG
Kampalami,UG
Kampale,UG
Kampali,UG
Kampalo,UG
Kampalom,UG
Kampalą,UG
Kampalę,UG
Kanad,CA
Kanada,CA
Kanadach,CA
Kanadami,CA
Kanado,CA
Kanadom,CA
Kanady,CA
Kanadyjczycy,CA
Kanadyjczyk,CA
Kanadyjczyka,CA
Kanadyjczykach,CA
Kanadyjczykami,CA
Kanadyjczyki,CA
Kanadyjczykiem,CA
Kanadyjczykom,CA
Kanadyjczykowi,CA
Kanadyjczyku,CA
Kanadyjczyków,CA
Kanadzie,CA
Kanadą,CA
Kanadę,CA
Katar,QA
Katarach,QA
Katarami,QA
Katarczycy,QA
Katarczyk,QA
Katarczyka,QA
Katarczykach,QA
Katarczykami,QA
Katarczyki,QA
Katarczykiem,QA
Katarczykom,QA
Katarczykowi,QA
Katarczyku,QA
Katarczyków,QA
Katarem,QA
Katarom,QA
Katarowi,QA
Kataru,QA
Katary,QA
Katarze,QA
Katarów,QA
Katmandu,NP
Kazachstan,KZ
Kazachstanach,KZ
Kazachstanami,KZ
Kazachstanem,KZ
Kazachstanie,KZ
Kazachstanom,KZ
Kazachstanowi,KZ
Kazachstanu,KZ
Kazachstany,KZ
Kazachstanów,KZ
Kenia,KE
Keniach,KE
Keniami,KE
Kenie,KE
Kenii,KE
Kenijczycy,KE
Kenijczyk,KE
Kenijczyka,KE
Kenijczykach,KE
Kenijczykami,KE
Kenijczyki,KE
Kenijczykiem,KE
Kenijczykom,KE
Kenijczykowi,KE
Kenijczyku,KE
Kenijczyków,KE
Kenio,KE
Keniom,KE
Kenią,KE
Kenię,KE
Kijowa,UA
Kijowach,UA
Kijowami,UA
Kijowem,UA
Kijowie,UA
Kijowom,UA
Kijowowi,UA
Kijowy,UA
Kijowów,UA
Kijów,UA
Kingston,JM
Kingstown,VC
Kinszas,CG
Kinszasa,CG
Kinszasach,CG
Kinszasami,CG
Kinszasie,CG
Kinszaso,CG
Kinszasom,CG
Kinszasy,CG
Kinszasą,CG
Kinszasę,CG
Kirgistan,KG
Kirgistanach,KG
Kirgistanami,KG
Kirgistanem,KG
Kirgistanie,KG
Kirgistanom,KG
Kirgistanowi,KG
Kirgistanu,KG
Kirgistany,KG
Kirgistanów,KG
Kiribati,KI
Kiribatyjczycy,KI
Kiribatyjczyk,KI
Kiribatyjczyka,KI
Kiribatyjczykach,KI
Kiribatyjczykami,KI
Kiribatyjczyki,KI
Kiribatyjczykiem,KI
Kiribatyjczykom,KI
Kiribatyjczykowi,KI
Kiribatyjczyku,KI
Kiribatyjczyków,KI
Kiszyniowa,MD
Kiszyniowach,MD
Kiszyniowami,MD
Kiszyniowem,MD
Kiszyniowie,MD
Kiszyniowom,MD
Kiszyniowowi,MD
Kiszyniowy,MD
Kiszyniowów,MD
Kiszyniów,MD
Kolumbia,CO
Kolumbiach,CO
Kolumbiami,CO
Kolumbie,CO
Kolumbii,CO
Kolumbijczycy,CO
Kolumbijczyk,CO
Kolumbijczyka,CO
Kolumbijczykach,CO
Kolumbijczykami,CO
Kolumbijczyki,CO
Kolumbijczykiem,CO
Kolumbijczykom,CO
Kolumbijczykowi,CO
Kolumbijczyku,CO
Kolumbijczyków,CO
Kolumbio,CO
Kolumbiom,CO
Kolumbią,CO
Kolumbię,CO
Komorach,KM
Komorami,KM
Komorom,KM
Komory,KM
Komoryjczycy,KM
Komoryjczyk,KM
Komoryjczyka,KM
Komoryjczykach,KM
Komoryjczykami,KM
Komoryjczyki,KM
Komoryjczykiem,KM
Komoryjczykom,KM
Komoryjczykowi,KM
Komoryjczyku,KM
Komoryjczyków,KM
Komorów,KM
Konakry,GN
Kong,CG
Konga,CG
Kongach,CG
Kongami,CG
Kongiem,CG
Kongijczycy,CG
Kongijczyk,CG
Kongijczyka,CG
Kongijczykach,CG
Kongijczykami,CG
Kongijczyki,CG
Kongijczykiem,CG
Kongijczykom,CG
Kongijczykowi,CG
Kongijczyku,CG
Kongijczyków,CG
Kongo,CG
Kongom,CG
Kongu,CG
Kopenhadze,DK
Kopenhag,DK
Kopenhaga,DK
Kopenhagach,DK
Kopenhagami,DK
Kopenhagi,DK
Kopenhago,DK
Kopenhagom,DK
Kopenhagą,DK
Kopenhagę,DK
Koreańczycy,KP
Koreańczyk,KP
Koreańczyka,KP
Koreańczykach,KP
Koreańczykami,KP
Koreańczyki,KP
Koreańczykiem,KP
Koreańczykom,KP
Koreańczykowi,KP
Koreańczyku,KP
Koreańczyków,KP
Kosow,XK
Kosowa,XK
Kosowach,XK
Kosowami,XK
Kosowem,XK
Kosowian,XK
Kosowianach,XK
Kosowianami,XK
Kosowianie,XK
Kosowianin,XK
Kosowianina,XK
Kosowianinem,XK
Kosowianinie,XK
Kosowianinowi,XK
Kosowianom,XK
Kosowiany,XK
Kosowie,XK
Kosowo,XK
Kosowom,XK
Kosowu,XK
Kosowów,XK
Kostaryce,CR
Kostaryk,CR
Kostaryka,CR
Kostarykach,CR
Kostarykami,CR
Kostarykan,CR
Kostarykanach,CR
Kostarykanami,CR
Kostarykanie,CR
Kostarykanin,CR
Kostarykanina,CR
Kostarykaninem,CR
Kostarykaninie,CR
Kostarykaninowi,CR
Kostarykanom,CR
Kostarykany,CR
Kostarykanów,CR
Kostaryki,CR
Kostaryko,CR
Kostarykom,CR
Kostaryką,CR
Kostarykę,CR
Kosów,XK
Kub,CU
Kuba,CU
Kubach,CU
Kubami,CU
Kubańczycy,CU
Kubańczyk,CU
Kubańczyka,CU
Kubańczykach,CU
Kubańczykami,CU
Kubańczyki,CU
Kubańczykiem,CU
Kubańczykom,CU
Kubańczykowi,CU
Kubańczyku,CU
Kubańczyków,CU
Kubie,CU
Kubo,CU
Kubom,CU
Kubowie,CU
Kuby,CU
Kubów,CU
Kubą,CU
Kubę,CU
Kuwejcie,KQ
Kuwejt,KQ
Kuwejtach,KQ
Kuwejtami,KQ
Kuwejtczycy,KQ
Kuwejtczyk,KQ
Kuwejtczyka,KQ
Kuwejtczykach,KQ
Kuwejtczykami,KQ
Kuwejtczyki,KQ
Kuwejtczykiem,KQ
Kuwejtczykom,KQ
Kuwejtczykowi,KQ
Kuwejtczyku,KQ
Kuwejtczyków,KQ
Kuwejtem,KQ
Kuwejtom,KQ
Kuwejtowi,KQ
Kuwejtu,KQ
Kuwejty,KQ
Kuwejtów,KQ
Lankijczycy,LK
Lankijczyk,LK
Lankijczyka,LK
Lankijczykach,LK
Lankijczykami,LK
Lankijczyki,LK
Lankijczykiem,LK
Lankijczykom,LK
Lankijczykowi,LK
Lankijczyku,LK
Lankijczyków,LK
Laos,LA
Laosach,LA
Laosami,LA
Laosem,LA
Laosie,LA
Laosom,LA
Laosowi,LA
Laosu,LA
Laosy,LA
Laosów,LA
Laotańczycy,LA
Laotańczyk,LA
Laotańczyka,LA
Laotańczykach,LA
Laotańczykami,LA
Laotańczyki,LA
Laotańczykiem,LA
Laotańczykom,LA
Laotańczykowi,LA
Laotańczyku,LA
Laotańczyków,LA
Lesotho,LS
Lesotyjczycy,LS
Lesotyjczyk,LS
Lesotyjczyka,LS
Lesotyjczykach,LS
Lesotyjczykami,LS
Lesotyjczyki,LS
Lesotyjczykiem,LS
Lesotyjczykom,LS
Lesotyjczykowi,LS
Lesotyjczyku,LS
Lesotyjczyków,LS
Liban,LB
Libanach,LB
Libanami,LB
Libanem,LB
Libanie,LB
Libanom,LB
Libanowi,LB
Libanu,LB
Libany,LB
Libanów,LB
Libańczycy,LB
Libańczyk,LB
Libańczyka,LB
Libańczykach,LB
Libańczykami,LB
Libańczyki,LB
Libańczykiem,LB
Libańczykom,LB
Libańczykowi,LB
Libańczyku,LB
Libańczyków,LB
Liberia,LR
Liberiach,LR
Liberiami,LR
Liberie,LR
Liberii,LR
Liberio,LR
Liberiom,LR
Liberią,LR
Liberię,LR
Liberyjczycy,LR
Liberyjczyk,LR
Liberyjczyka,LR
Liberyjczykach,LR
Liberyjczykami,LR
Liberyjczyki,LR
Liberyjczykiem,LR
Liberyjczykom,LR
Liberyjczykowi,LR
Liberyjczyku,LR
Liberyjczyków,LR
Libia,LY
Libiach,LY
Libiami,LY
Libie,LY
Libii,LY
Libijczycy,LY
Libijczyk,LY
Libijczyka,LY
Libijczykach,LY
Libijczykami,LY
Libijczyki,LY
Libijczykiem,LY
Libijczykom,LY
Libijczykowi,LY
Libijczyku,LY
Libijczyków,LY
Libio,LY
Libiom,LY
Libią,LY
Libię,LY
Libreville,GA
Liechtenstein,LI
Liechtensteina,LI
Liechtensteinach,LI
Liechtensteinami,LI
Liechtensteinem,LI
Liechtensteinie,LI
Liechtensteinom,LI
Liechtensteinowi,LI
Liechtensteinowie,LI
Liechtensteinu,LI
Liechtensteiny,LI
Liechtensteinów,LI
Lilongwe,MW
Lim,PE
Lima,PE
Limach,PE
Limami,PE
Limie,PE
Limo,PE
Limom,PE
Limy,PE
Limą,PE
Limę,PE
Litw,LY
Litwa,LY
Litwach,LY
Litwami,LY
Litwie,LY
Litwin,LY
Litwina,LY
Litwinach,LY
Litwinami,LY
Litwinem,LY
Litwini,LY
Litwinie,LY
Litwinom,LY
Litwinowi,LY
Litwiny,LY
Litwinów,LY
Litwo,LY
Litwom,LY
Litwy,LY
Litwą,LY
Litwę,LY
Lizbon,PT
Lizbona,PT
Lizbonach,PT
Lizbonami,PT
Lizbonie,PT
Lizbono,PT
Lizbonom,PT
Lizbony,PT
Lizboną,PT
Lizbonę,PT
Lomé,TG
Londyn,GB
Londynach,GB
Londynami,GB
Londynem,GB
Londynie,GB
Londynom,GB
Londynowi,GB
Londynu,GB
Londyny,GB
Londynów,GB
Luand,AO
Luanda,AO
Luandach,AO
Luandami,AO
Luando,AO
Luandom,AO
Luandy,AO
Luandzie,AO
Luandą,AO
Luandę,AO
Lublan,SI
Lublana,SI
Lublanach,SI
Lublanami,SI
Lublanie,SI
Lublano,SI
Lublanom,SI
Lublany,SI
Lublaną,SI
Lublanę,SI
Luksemburczycy,LU
Luksemburczyk,LU
Luksemburczyka,LU
Luksemburczykach,LU
Luksemburczykami,LU
Luksemburczyki,LU
Luksemburczykiem,LU
Luksemburczykom,LU
Luksemburczykowi,LU
Luksemburczyku,LU
Luksemburczyków,LU
Luksemburg,LU
Luksemburga,LU
Luksemburgach,LU
Luksemburgami,LU
Luksemburgi,LU
Luksemburgiem,LU
Luksemburgom,LU
Luksemburgowi,LU
Luksemburgowie,LU
Luksemburgu,LU
Luksemburgów,LU
Lusace,ZM
Lusak,ZM
Lusaka,ZM
Lusakach,ZM
Lusakami,ZM
Lusaki,ZM
Lusako,ZM
Lusakom,ZM
Lusaką,ZM
Lusakę,ZM
Macedonia,MK
Macedoniach,MK
Macedoniami,MK
Macedonie,MK
Macedonii,MK
Macedonio,MK
Macedoniom,MK
Macedonią,MK
Macedonię,MK
Macedończycy,MK
Macedończyk,MK
Macedończyka,MK
Macedończykach,MK
Macedończykami,MK
Macedończyki,MK
Macedończykiem,MK
Macedończykom,MK
Macedończykowi,MK
Macedończyku,MK
Macedończyków,MK
Madagaskar,MG
Madagaskarach,MG
Madagaskarami,MG
Madagaskarczycy,MG
Madagaskarczyk,MG
Madagaskarczyka,MG
Madagaskarczykach,MG
Madagaskarczykami,MG
Madagaskarczyki,MG
Madagaskarczykiem,MG
Madagaskarczykom,MG
Madagaskarczykowi,MG
Madagaskarczyku,MG
Madagaskarczyków,MG
Madagaskarem,MG
Madagaskarom,MG
Madagaskarowi,MG
Madagaskaru,MG
Madagaskary,MG
Madagaskarze,MG
Madagaskarów,MG
Madrycie,ES
Madryt,ES
Madrytach,ES
Madrytami,ES
Madrytem,ES
Madrytom,ES
Madrytowi,ES
Madrytu,ES
Madryty,ES
Madrytów,ES
Malabo,GN
Malawi,MW
Malawijczycy,MW
Malawijczyk,MW
Malawijczyka,MW
Malawijczykach,MW
Malawijczykami,MW
Malawijczyki,MW
Malawijczykiem,MW
Malawijczykom,MW
Malawijczykowi,MW
Malawijczyku,MW
Malawijczyków,MW
Malcie,MT
Male,MV
Malediwach,MV
Malediwami,MV
Malediwczycy,MV
Malediwczyk,MV
Malediwczyka,MV
Malediwczykach,MV
Malediwczykami,MV
Malediwczyki,MV
Malediwczykiem,MV
Malediwczykom,MV
Malediwczykowi,MV
Malediwczyku,MV
Malediwczyków,MV
Malediwom,MV
Malediwy,MV
Malediwów,MV
Malezja,MY
Malezjach,MY
Malezjami,MY
Malezje,MY
Malezji,MY
Malezjo,MY
Malezjom,MY
Malezją,MY
Malezję,MY
Malezyjczycy,MY
Malezyjczyk,MY
Malezyjczyka,MY
Malezyjczykach,MY
Malezyjczykami,MY
Malezyjczyki,MY
Malezyjczykiem,MY
Malezyjczykom,MY
Malezyjczykowi,MY
Malezyjczyku,MY
Malezyjczyków,MY
Mali,ML
Malijczycy,ML
Malijczyk,ML
Malijczyka,ML
Malijczykach,ML
Malijczykami,ML
Malijczyki,ML
Malijczykiem,ML
Malijczykom,ML
Malijczykowi,ML
Malijczyku,ML
Malijczyków,ML
Malt,MT
Malta,MT
Maltach,MT
Maltami,MT
Maltańczycy,MT
Maltańczyk,MT
Maltańczyka,MT
Maltańczykach,MT
Maltańczykami,MT
Maltańczyki,MT
Maltańczykiem,MT
Maltańczykom,MT
Maltańczykowi,MT
Maltańczyku,MT
Maltańczyków,MT
Malto,MT
Maltom,MT
Malty,MT
Maltą,MT
Maltę,MT
Managua,NI
Managuach,NI
Managuami,NI
Managui,NI
Managuo,NI
Managuom,NI
Managuy,NI
Managuą,NI
Managuę,NI
Manam,BH
Manama,BH
Manamach,BH
Manamami,BH
Manamie,BH
Manamo,BH
Manamom,BH
Manamy,BH
Manamą,BH
Manamę,BH
Manil,PH
Manila,PH
Manilach,PH
Manilami,PH
Manile,PH
Manili,PH
Manilo,PH
Manilom,PH
Manilą,PH
Manilę,PH
Maputo,MZ
Marok,MA
Maroka,MA
Marokach,MA
Marokami,MA
Marokańczycy,MA
Marokańczyk,MA
Marokańczyka,MA
Marokańczykach,MA
Marokańczykami,MA
Marokańczyki,MA
Marokańczykiem,MA
Marokańczykom,MA
Marokańczykowi,MA
Marokańczyku,MA
Marokańczyków,MA
Marokiem,MA
Maroko,MA
Marokom,MA
Maroku,MA
Maseru,LS
Maskacie,OM
Maskat,OM
Maskatach,OM
Maskatami,OM
Maskatem,OM
Maskatom,OM
Maskatowi,OM
Maskatu,OM
Maskaty,OM
Maskatów,OM
Mauretania,MR
Mauretaniach,MR
Mauretaniami,MR
Mauretanie,MR
Mauretanii,MR
Mauretanio,MR
Mauretaniom,MR
Mauretanią,MR
Mauretanię,MR
Mauretańczycy,MR
Mauretańczyk,MR
Mauretańczyka,MR
Mauretańczykach,MR
Mauretańczykami,MR
Mauretańczyki,MR
Mauretańczykiem,MR
Mauretańczykom,MR
Mauretańczykowi,MR
Mauretańczyku,MR
Mauretańczyków,MR
Mauritius,MY
Mauritiusa,MY
Mauritiusach,MY
Mauritiusami,MY
Mauritiusem,MY
Mauritiusie,MY
Mauritiusom,MY
Mauritiusowi,MY
Mauritiusy,MY
Mauritiusów,MY
Maurytyjczycy,MY
Maurytyjczyk,MY
Maurytyjczyka,MY
Maurytyjczykach,MY
Maurytyjczykami,MY
Maurytyjczyki,MY
Maurytyjczykiem,MY
Maurytyjczykom,MY
Maurytyjczykowi,MY
Maurytyjczyku,MY
Maurytyjczyków,MY
Mbabane,SZ
Meksyk,MX
Meksykach,MX
Meksykami,MX
Meksykan,MX
Meksykanach,MX
Meksykanami,MX
Meksykanie,MX
Meksykanin,MX
Meksykanina,MX
Meksykaninem,MX
Meksykaninie,MX
Meksykaninowi,MX
Meksykanom,MX
Meksykany,MX
Meksykanów,MX
Meksyki,MX
Meksykiem,MX
Meksykom,MX
Meksykowi,MX
Meksyku,MX
Meksyków,MX
Mikronezja,FM
Mikronezjach,FM
Mikronezjami,FM
Mikronezje,FM
Mikronezji,FM
Mikronezjo,FM
Mikronezjom,FM
Mikronezją,FM
Mikronezję,FM
Mikronezyjczycy,FM
Mikronezyjczyk,FM
Mikronezyjczyka,FM
Mikronezyjczykach,FM
Mikronezyjczykami,FM
Mikronezyjczyki,FM
Mikronezyjczykiem,FM
Mikronezyjczykom,FM
Mikronezyjczykowi,FM
Mikronezyjczyku,FM
Mikronezyjczyków,FM
Mińsk,BY
Mińska,BY
Mińskach,BY
Mińskami,BY
Miński,BY
Mińskiem,BY
Mińskom,BY
Mińskowi,BY
Mińsku,BY
Mińsków,BY
Mjanm,MM
Mjanma,MM
Mjanmach,MM
Mjanmami,MM
Mjanmie,MM
Mjanmo,MM
Mjanmom,MM
Mjanmy,MM
Mjanmą,MM
Mjanmę,MM
Mogadiszu,SO
Monakijczycy,MC
Monakijczyk,MC
Monakijczyka,MC
Monakijczykach,MC
Monakijczykami,MC
Monakijczyki,MC
Monakijczykiem,MC
Monakijczykom,MC
Monakijczykowi,MC
Monakijczyku,MC
Monakijczyków,MC
Monako,MC
Mongole,MN
Mongolia,MN
Mongoliach,MN
Mongoliami,MN
Mongolie,MN
Mongolii,MN
Mongolio,MN
Mongoliom,MN
Mongolią,MN
Mongolię,MN
Mongoł,MN
Mongoła,MN
Mongołach,MN
Mongołami,MN
Mongołem,MN
Mongołom,MN
Mongołowi,MN
Mongołowie,MN
Mongoły,MN
Mongołów,MN
Montevideo,UY
Moroni,KM
Moskw,RU
Moskwa,RU
Moskwach,RU
Moskwami,RU
Moskwie,RU
Moskwo,RU
Moskwom,RU
Moskwy,RU
Moskwą,RU
Moskwę,RU
Mozambijczycy,MZ
Mozambijczyk,MZ
Mozambijczyka,MZ
Mozambijczykach,MZ
Mozambijczykami,MZ
Mozambijczyki,MZ
Mozambijczykiem,MZ
Mozambijczykom,MZ
Mozambijczykowi,MZ
Mozambijczyku,MZ
Mozambijczyków,MZ
Mozambik,MZ
Mozambikach,MZ
Mozambikami,MZ
Mozambiki,MZ
Mozambikiem,MZ
Mozambikom,MZ
Mozambikowi,MZ
Mozambiku,MZ
Mozambików,MZ
Mołdawia,MD
Mołdawiach,MD
Mołdawiami,MD
Mołdawian,MD
Mołdawianach,MD
Mołdawianami,MD
Mołdawianie,MD
Mołdawianin,MD
Mołdawianina,MD
Mołdawianinem,MD
Mołdawianinie,MD
Mołdawianinowi,MD
Mołdawianom,MD
Mołdawiany,MD
Mołdawie,MD
Mołdawii,MD
Mołdawio,MD
Mołdawiom,MD
Mołdawią,MD
Mołdawię,MD
Nairobi,KE
Namibia,NA
Namibiach,NA
Namibiami,NA
Namibie,NA
Namibii,NA
Namibijczycy,NA
Namibijczyk,NA
Namibijczyka,NA
Namibijczykach,NA
Namibijczykami,NA
Namibijczyki,NA
Namibijczykiem,NA
Namibijczykom,NA
Namibijczykowi,NA
Namibijczyku,NA
Namibijczyków,NA
Namibio,NA
Namibiom,NA
Namibią,NA
Namibię,NA
Nassau,BS
Nauru,NR
Nawakszucie,MR
Nawakszut,MR
Nawakszutach,MR
Nawakszutami,MR
Nawakszutem,MR
Nawakszutom,MR
Nawakszutowi,MR
Nawakszutu,MR
Nawakszuty,MR
Nawakszutów,MR
Ndżamen,TD
Ndżamena,TD
Ndżamenach,TD
Ndżamenami,TD
Ndżamenie,TD
Ndżameno,TD
Ndżamenom,TD
Ndżameny,TD
Ndżameną,TD
Ndżamenę,TD
Nepal,NP
Nepalach,NP
Nepalami,NP
Nepale,NP
Nepalem,NP
Nepali,NP
Nepalom,NP
Nepalowi,NP
Nepalu,NP
Niamey,NE
Niemca,DE
Niemcach,DE
Niemcami,DE
Niemcami,DE
Niemce,DE
Niemcem,DE
Niemcom,DE
Niemcom,DE
Niemcowi,DE
Niemcowie,DE
Niemcu,DE
Niemcy,DE
Niemcy,DE
Niemcze,DE
Niemczech,DE
Niemców,DE
Niemiec,DE
Niemiec,DE
Niger,NE
Nigerczycy,NE
Nigerczyk,NE
Nigerczyka,NE
Nigerczykach,NE
Nigerczykami,NE
Nigerczyki,NE
Nigerczykiem,NE
Nigerczykom,NE
Nigerczykowi,NE
Nigerczyku,NE
Nigerczyków,NE
Nigeria,NG
Nigeriach,NG
Nigeriami,NG
Nigerie,NG
Nigerii,NG
Nigerio,NG
Nigeriom,NG
Nigerią,NG
Nigerię,NG
Nigeryjczycy,NG
Nigeryjczyk,NG
Nigeryjczyka,NG
Nigeryjczykach,NG
Nigeryjczykami,NG
Nigeryjczyki,NG
Nigeryjczykiem,NG
Nigeryjczykom,NG
Nigeryjczykowi,NG
Nigeryjczyku,NG
Nigeryjczyków,NG
Nigrach,NE
Nigrami,NE
Nigrem,NE
Nigrom,NE
Nigrowi,NE
Nigru,NE
Nigry,NE
Nigrze,NE
Nigrów,NE
Nikaragua,NI
Nikaraguach,NI
Nikaraguami,NI
Nikaraguańczycy,NI
Nikaraguańczyk,NI
Nikaraguańczyka,NI
Nikaraguańczykach,NI
Nikaraguańczykami,NI
Nikaraguańczyki,NI
Nikaraguańczykiem,NI
Nikaraguańczykom,NI
Nikaraguańczykowi,NI
Nikaraguańczyku,NI
Nikaraguańczyków,NI
Nikaragui,NI
Nikaraguo,NI
Nikaraguom,NI
Nikaraguy,NI
Nikaraguą,NI
Nikaraguę,NI
Nikozja,CY
Nikozjach,CY
Nikozjami,CY
Nikozje,CY
Nikozji,CY
Nikozjo,CY
Nikozjom,CY
Nikozją,CY
Nikozję,CY
Norwedzy,NO
Norweg,NO
Norwega,NO
Norwegach,NO
Norwegami,NO
Norwegi,NO
Norwegia,NO
Norwegiach,NO
Norwegiami,NO
Norwegie,NO
Norwegiem,NO
Norwegii,NO
Norwegio,NO
Norwegiom,NO
Norwegią,NO
Norwegię,NO
Norwegom,NO
Norwegowi,NO
Norwegowie,NO
Norwegu,NO
Norwegów,NO
Nowozelandczycy,NZ
Nowozelandczyk,NZ
Nowozelandczyka,NZ
Nowozelandczykach,NZ
Nowozelandczykami,NZ
Nowozelandczyki,NZ
Nowozelandczykiem,NZ
Nowozelandczykom,NZ
Nowozelandczykowi,NZ
Nowozelandczyku,NZ
Nowozelandczyków,NZ
Nuku'alof,TO
Nuku'alofa,TO
Nuku'alofach,TO
Nuku'alofami,TO
Nuku'alofie,TO
Nuku'alofo,TO
Nuku'alofom,TO
Nuku'alofy,TO
Nuku'alofą,TO
Nuku'alofę,TO
Oman,OM
Omanach,OM
Omanami,OM
Omanem,OM
Omanie,OM
Omanom,OM
Omanowi,OM
Omanu,OM
Omany,OM
Omanów,OM
Omańczycy,OM
Omańczyk,OM
Omańczyka,OM
Omańczykach,OM
Omańczykami,OM
Omańczyki,OM
Omańczykiem,OM
Omańczykom,OM
Omańczykowi,OM
Omańczyku,OM
Omańczyków,OM
Oslo,NO
Ottaw,CA
Ottawa,CA
Ottawach,CA
Ottawami,CA
Ottawie,CA
Ottawo,CA
Ottawom,CA
Ottawy,CA
Ottawą,CA
Ottawę,CA
Pakistan,PK
Pakistanach,PK
Pakistanami,PK
Pakistanem,PK
Pakistanie,PK
Pakistanom,PK
Pakistanowi,PK
Pakistanu,PK
Pakistany,PK
Pakistanów,PK
Pakistańczycy,PK
Pakistańczyk,PK
Pakistańczyka,PK
Pakistańczykach,PK
Pakistańczykami,PK
Pakistańczyki,PK
Pakistańczykiem,PK
Pakistańczykom,PK
Pakistańczykowi,PK
Pakistańczyku,PK
Pakistańczyków,PK
Palau,PW
Palikir,FM
Palikirach,FM
Palikirami,FM
Palikirem,FM
Palikirom,FM
Palikirowi,FM
Palikiru,FM
Palikiry,FM
Palikirze,FM
Palikirów,FM
Panam,PA
Panama,PA
Panamach,PA
Panamami,PA
Panamczycy,PA
Panamczyk,PA
Panamczyka,PA
Panamczykach,PA
Panamczykami,PA
Panamczyki,PA
Panamczykiem,PA
Panamczykom,PA
Panamczykowi,PA
Panamczyku,PA
Panamczyków,PA
Panamie,PA
Panamo,PA
Panamom,PA
Panamy,PA
Panamą,PA
Panamę,PA
Papuańczycy,PG
Papuańczyk,PG
Papuańczyka,PG
Papuańczykach,PG
Papuańczykami,PG
Papuańczyki,PG
Papuańczykiem,PG
Papuańczykom,PG
Papuańczykowi,PG
Papuańczyku,PG
Papuańczyków,PG
Paragwai,PY
Paragwaj,PY
Paragwajach,PY
Paragwajami,PY
Paragwajczycy,PY
Paragwajczyk,PY
Paragwajczyka,PY
Paragwajczykach,PY
Paragwajczykami,PY
Paragwajczyki,PY
Paragwajczykiem,PY
Paragwajczykom,PY
Paragwajczykowi,PY
Paragwajczyku,PY
Paragwajczyków,PY
Paragwaje,PY
Paragwajem,PY
Paragwajom,PY
Paragwajowi,PY
Paragwaju,PY
Paragwajów,PY
Paramaribo,SR
Paryż,FR
Paryża,FR
Paryżach,FR
Paryżami,FR
Paryże,FR
Paryżem,FR
Paryżom,FR
Paryżowi,FR
Paryżu,FR
Paryżów,FR
Pekin,CN
Pekinach,CN
Pekinami,CN
Pekinem,CN
Pekinie,CN
Pekinom,CN
Pekinowi,CN
Pekinu,CN
Pekiny,CN
Pekinów,CN
Peru,PE
Peruwiańczycy,PE
Peruwiańczyk,PE
Peruwiańczyka,PE
Peruwiańczykach,PE
Peruwiańczykami,PE
Peruwiańczyki,PE
Peruwiańczykiem,PE
Peruwiańczykom,PE
Peruwiańczykowi,PE
Peruwiańczyku,PE
Peruwiańczyków,PE
Polacy,PL
Polak,PL
Polaka,PL
Polakach,PL
Polakami,PL
Polaki,PL
Polakiem,PL
Polakom,PL
Polakowi,PL
Polakowie,PL
Polaku,PL
Polaków,PL
Polsce,PL
Polsk,PL
Polska,PL
Polskach,PL
Polskami,PL
Polski,PL
Polsko,PL
Polskom,PL
Polską,PL
Polskę,PL
Port-au-Prince,HT
Port-of-Spain,TT
Porto-Novo,BJ
Portugalczycy,PT
Portugalczyk,PT
Portugalczyka,PT
Portugalczykach,PT
Portugalczykami,PT
Portugalczyki,PT
Portugalczykiem,PT
Portugalczykom,PT
Portugalczykowi,PT
Portugalczyku,PT
Portugalczyków,PT
Portugalia,PT
Portugaliach,PT
Portugaliami,PT
Portugalie,PT
Portugalii,PT
Portugalio,PT
Portugaliom,PT
Portugalią,PT
Portugalię,PT
Południowoafrykańczycy,ZA
Południowoafrykańczyk,ZA
Południowoafrykańczyka,ZA
Południowoafrykańczykach,ZA
Południowoafrykańczykami,ZA
Południowoafrykańczyki,ZA
Południowoafrykańczykiem,ZA
Południowoafrykańczykom,ZA
Południowoafrykańczykowi,ZA
Południowoafrykańczyku,ZA
Południowoafrykańczyków,ZA
Pradze,CZ
Prag,CZ
Praga,CZ
Pragach,CZ
Pragami,CZ
Pragi,CZ
Prago,CZ
Pragom,CZ
Pragą,CZ
Pragę,CZ
Prai,CV
Praia,CV
Praiach,CV
Praiami,CV
Praie,CV
Praio,CV
Praiom,CV
Praią,CV
Praię,CV
Pretoria,ZA
Pretoriach,ZA
Pretoriami,ZA
Pretorie,ZA
Pretorii,ZA
Pretorio,ZA
Pretoriom,ZA
Pretorią,ZA
Pretorię,ZA
Prisztin,XK
Prisztina,XK
Prisztinach,XK
Prisztinami,XK
Prisztinie,XK
Prisztino,XK
Prisztinom,XK
Prisztiny,XK
Prisztiną,XK
Prisztinę,XK
Quito,EC
RPA,ZA
Rabacie,MA
Rabat,MA
Rabatach,MA
Rabatami,MA
Rabatem,MA
Rabatom,MA
Rabatowi,MA
Rabatu,MA
Rabaty,MA
Rabatów,MA
Reykjavík,IS
Reykjavíkach,IS
Reykjavíkami,IS
Reykjavíki,IS
Reykjavíkiem,IS
Reykjavíkom,IS
Reykjavíkowi,IS
Reykjavíku,IS
Reykjavíków,IS
Rijad,SA
Rijadach,SA
Rijadami,SA
Rijadem,SA
Rijadom,SA
Rijadowi,SA
Rijadu,SA
Rijady,SA
Rijadzie,SA
Rijadów,SA
Roseau,DM
Rosja,RU
Rosjach,RU
Rosjami,RU
Rosjan,RU
Rosjanach,RU
Rosjanami,RU
Rosjanie,RU
Rosjanin,RU
Rosjanina,RU
Rosjaninem,RU
Rosjaninie,RU
Rosjaninowi,RU
Rosjanom,RU
Rosjany,RU
Rosje,RU
Rosji,RU
Rosjo,RU
Rosjom,RU
Rosją,RU
Rosję,RU
Rumun,RO
Rumuna,RO
Rumunach,RO
Rumunami,RO
Rumunem,RO
Rumuni,RO
Rumunia,RO
Rumuniach,RO
Rumuniami,RO
Rumunie,RO
Rumunie,RO
Rumunii,RO
Rumunio,RO
Rumuniom,RO
Rumunią,RO
Rumunię,RO
Rumunom,RO
Rumunowi,RO
Rumuny,RO
Rumunów,RO
Rwand,RW
Rwanda,RW
Rwandach,RW
Rwandami,RW
Rwando,RW
Rwandom,RW
Rwandy,RW
Rwandyjczycy,RW
Rwandyjczyk,RW
Rwandyjczyka,RW
Rwandyjczykach,RW
Rwandyjczykami,RW
Rwandyjczyki,RW
Rwandyjczykiem,RW
Rwandyjczykom,RW
Rwandyjczykowi,RW
Rwandyjczyku,RW
Rwandyjczyków,RW
Rwandzie,RW
Rwandą,RW
Rwandę,RW
Rydze,LV
Ryg,LV
Ryga,LV
Rygach,LV
Rygami,LV
Rygi,LV
Rygo,LV
Rygom,LV
Rygą,LV
Rygę,LV
Rzym,IT
Rzymach,IT
Rzymami,IT
Rzymem,IT
Rzymie,IT
Rzymom,IT
Rzymowi,IT
Rzymu,IT
Rzymy,IT
Rzymów,IT
Salwador,SV
Salwadorach,SV
Salwadorami,SV
Salwadorczycy,SV
Salwadorczyk,SV
Salwadorczyka,SV
Salwadorczykach,SV
Salwadorczykami,SV
Salwadorczyki,SV
Salwadorczykiem,SV
Salwadorczykom,SV
Salwadorczykowi,SV
Salwadorczyku,SV
Salwadorczyków,SV
Salwadorem,SV
Salwadorom,SV
Salwadorowi,SV
Salwadoru,SV
Salwadory,SV
Salwadorze,SV
Salwadorów,SV
Samoa,WS
Samoańczycy,WS
Samoańczyk,WS
Samoańczyka,WS
Samoańczykach,WS
Samoańczykami,WS
Samoańczyki,WS
Samoańczykiem,WS
Samoańczykom,WS
Samoańczykowi,WS
Samoańczyku,WS
Samoańczyków,WS
San,YE
Sana,YE
Sanach,YE
Sanami,YE
Sanie,YE
Sanmaryńczycy,SM
Sanmaryńczyk,SM
Sanmaryńczyka,SM
Sanmaryńczykach,SM
Sanmaryńczykami,SM
Sanmaryńczyki,SM
Sanmaryńczykiem,SM
Sanmaryńczykom,SM
Sanmaryńczykowi,SM
Sanmaryńczyku,SM
Sanmaryńczyków,SM
Sano,YE
Sanom,YE
Santiago,CL
Sany,YE
Saną,YE
Sanę,YE
Sarajew,BA
Sarajewa,BA
Sarajewach,BA
Sarajewami,BA
Sarajewem,BA
Sarajewie,BA
Sarajewo,BA
Sarajewom,BA
Sarajewu,BA
Saudyjczycy,SA
Saudyjczyk,SA
Saudyjczyka,SA
Saudyjczykach,SA
Saudyjczykami,SA
Saudyjczyki,SA
Saudyjczykiem,SA
Saudyjczykom,SA
Saudyjczykowi,SA
Saudyjczyku,SA
Saudyjczyków,SA
Senegal,SN
Senegalach,SN
Senegalami,SN
Senegalczycy,SN
Senegalczyk,SN
Senegalczyka,SN
Senegalczykach,SN
Senegalczykami,SN
Senegalczyki,SN
Senegalczykiem,SN
Senegalczykom,SN
Senegalczykowi,SN
Senegalczyku,SN
Senegalczyków,SN
Senegale,SN
Senegalem,SN
Senegali,SN
Senegalom,SN
Senegalowi,SN
Senegalu,SN
Senegalów,SN
Serb,XS
Serba,XS
Serbach,XS
Serbami,XS
Serbem,XS
Serbia,XS
Serbiach,XS
Serbiami,XS
Serbie,XS
Serbie,XS
Serbii,XS
Serbio,XS
Serbiom,XS
Serbią,XS
Serbię,XS
Serbom,XS
Serbowi,XS
Serbowie,XS
Serby,XS
Serbów,XS
Seszelach,SC
Seszelami,SC
Seszelczycy,SC
Seszelczyk,SC
Seszelczyka,SC
Seszelczykach,SC
Seszelczykami,SC
Seszelczyki,SC
Seszelczykiem,SC
Seszelczykom,SC
Seszelczykowi,SC
Seszelczyku,SC
Seszelczyków,SC
Seszele,SC
Seszeli,SC
Seszelom,SC
Seszelów,SC
Seul,KR
Seulach,KR
Seulami,KR
Seule,KR
Seulem,KR
Seuli,KR
Seulom,KR
Seulowi,KR
Seulu,KR
Sierraleończycy,SL
Sierraleończyk,SL
Sierraleończyka,SL
Sierraleończykach,SL
Sierraleończykami,SL
Sierraleończyki,SL
Sierraleończykiem,SL
Sierraleończykom,SL
Sierraleończykowi,SL
Sierraleończyku,SL
Sierraleończyków,SL
Singapur,SG
Singapurach,SG
Singapurami,SG
Singapurczycy,SG
Singapurczyk,SG
Singapurczyka,SG
Singapurczykach,SG
Singapurczykami,SG
Singapurczyki,SG
Singapurczykiem,SG
Singapurczykom,SG
Singapurczykowi,SG
Singapurczyku,SG
Singapurczyków,SG
Singapurem,SG
Singapurom,SG
Singapurowi,SG
Singapuru,SG
Singapury,SG
Singapurze,SG
Singapurów,SG
Skopj,MK
Skopja,MK
Skopjach,MK
Skopjami,MK
Skopje,MK
Skopjem,MK
Skopjom,MK
Skopju,MK
Sofia,BG
Sofiach,BG
Sofiami,BG
Sofie,BG
Sofii,BG
Sofio,BG
Sofiom,BG
Sofią,BG
Sofię,BG
Somalia,SO
Somaliach,SO
Somaliami,SO
Somalie,SO
Somalii,SO
Somalijczycy,SO
Somalijczyk,SO
Somalijczyka,SO
Somalijczykach,SO
Somalijczykami,SO
Somalijczyki,SO
Somalijczykiem,SO
Somalijczykom,SO
Somalijczykowi,SO
Somalijczyku,SO
Somalijczyków,SO
Somalio,SO
Somaliom,SO
Somalią,SO
Somalię,SO
Suazi,SZ
Suazyjczycy,SZ
Suazyjczyk,SZ
Suazyjczyka,SZ
Suazyjczykach,SZ
Suazyjczykami,SZ
Suazyjczyki,SZ
Suazyjczykiem,SZ
Suazyjczykom,SZ
Suazyjczykowi,SZ
Suazyjczyku,SZ
Suazyjczyków,SZ
Sucre,BO
Sudan,SD
Sudanach,SD
Sudanami,SD
Sudanem,SD
Sudanie,SD
Sudanom,SD
Sudanowi,SD
Sudanu,SD
Sudany,SD
Sudanów,SD
Sudańczycy,SD
Sudańczyk,SD
Sudańczyka,SD
Sudańczykach,SD
Sudańczykami,SD
Sudańczyki,SD
Sudańczykiem,SD
Sudańczykom,SD
Sudańczykowi,SD
Sudańczyku,SD
Sudańczyków,SD
Surinam,SR
Surinamach,SR
Surinamami,SR
Surinamczycy,SR
Surinamczyk,SR
Surinamczyka,SR
Surinamczykach,SR
Surinamczykami,SR
Surinamczyki,SR
Surinamczykiem,SR
Surinamczykom,SR
Surinamczykowi,SR
Surinamczyku,SR
Surinamczyków,SR
Surinamem,SR
Surinamie,SR
Surinamom,SR
Surinamowi,SR
Surinamu,SR
Surinamy,SR
Surinamów,SR
Suv,FJ
Suva,FJ
Suvach,FJ
Suvami,FJ
Suvie,FJ
Suvo,FJ
Suvom,FJ
Suvy,FJ
Suvą,FJ
Suvę,FJ
Syria,SY
Syriach,SY
Syriami,SY
Syrie,SY
Syrii,SY
Syrio,SY
Syriom,SY
Syrią,SY
Syrię,SY
Syryjczycy,SY
Syryjczyk,SY
Syryjczyka,SY
Syryjczykach,SY
Syryjczykami,SY
Syryjczyki,SY
Syryjczykiem,SY
Syryjczykom,SY
Syryjczykowi,SY
Syryjczyku,SY
Syryjczyków,SY
Szkoci,GB
Szkocie,GB
Szkocja,GB
Szkocjach,GB
Szkocjami,GB
Szkocje,GB
Szkocji,GB
Szkocjo,GB
Szkocjom,GB
Szkocją,GB
Szkocję,GB
Szkot,GB
Szkota,GB
Szkotach,GB
Szkotami,GB
Szkotem,GB
Szkotom,GB
Szkotowi,GB
Szkoty,GB
Szkotów,GB
Sztokholm,SE
Sztokholmach,SE
Sztokholmami,SE
Sztokholmem,SE
Sztokholmie,SE
Sztokholmom,SE
Sztokholmowi,SE
Sztokholmu,SE
Sztokholmy,SE
Sztokholmów,SE
Szwajcar,CH
Szwajcara,CH
Szwajcarach,CH
Szwajcarami,CH
Szwajcarem,CH
Szwajcaria,CH
Szwajcariach,CH
Szwajcariami,CH
Szwajcarie,CH
Szwajcarii,CH
Szwajcario,CH
Szwajcariom,CH
Szwajcarią,CH
Szwajcarię,CH
Szwajcarom,CH
Szwajcarowi,CH
Szwajcary,CH
Szwajcarze,CH
Szwajcarzy,CH
Szwajcarów,CH
Szwecja,SE
Szwecjach,SE
Szwecjami,SE
Szwecje,SE
Szwecji,SE
Szwecjo,SE
Szwecjom,SE
Szwecją,SE
Szwecję,SE
Szwed,SE
Szweda,SE
Szwedach,SE
Szwedami,SE
Szwedem,SE
Szwedom,SE
Szwedowi,SE
Szwedy,SE
Szwedzi,SE
Szwedzie,SE
Szwedów,SE
Słowacja,SK
Słowacjach,SK
Słowacjami,SK
Słowacje,SK
Słowacji,SK
Słowacjo,SK
Słowacjom,SK
Słowacją,SK
Słowację,SK
Słowacy,SK
Słowak,SK
Słowaka,SK
Słowakach,SK
Słowakami,SK
Słowaki,SK
Słowakiem,SK
Słowakom,SK
Słowakowi,SK
Słowaku,SK
Słowaków,SK
Słowenia,SI
Słoweniach,SI
Słoweniami,SI
Słowenie,SI
Słoweniec,SI
Słowenii,SI
Słowenio,SI
Słoweniom,SI
Słowenią,SI
Słowenię,SI
Słoweńca,SI
Słoweńcach,SI
Słoweńcami,SI
Słoweńce,SI
Słoweńcem,SI
Słoweńcom,SI
Słoweńcowi,SI
Słoweńcu,SI
Słoweńcy,SI
Słoweńcze,SI
Słoweńców,SI
Tadżykistan,TJ
Tadżykistanach,TJ
Tadżykistanami,TJ
Tadżykistanem,TJ
Tadżykistanie,TJ
Tadżykistanom,TJ
Tadżykistanowi,TJ
Tadżykistanu,TJ
Tadżykistany,TJ
Tadżykistanów,TJ
Tajlandczycy,TH
Tajlandczyk,TH
Tajlandczyka,TH
Tajlandczykach,TH
Tajlandczykami,TH
Tajlandczyki,TH
Tajlandczykiem,TH
Tajlandczykom,TH
Tajlandczykowi,TH
Tajlandczyku,TH
Tajlandczyków,TH
Tajlandia,TH
Tajlandiach,TH
Tajlandiami,TH
Tajlandie,TH
Tajlandii,TH
Tajlandio,TH
Tajlandiom,TH
Tajlandią,TH
Tajlandię,TH
Tallinn,EE
Tallinna,EE
Tallinnach,EE
Tallinnami,EE
Tallinnem,EE
Tallinnie,EE
Tallinnom,EE
Tallinnowi,EE
Tallinny,EE
Tallinnów,EE
Tanzania,TZ
Tanzaniach,TZ
Tanzaniami,TZ
Tanzanie,TZ
Tanzanii,TZ
Tanzanio,TZ
Tanzaniom,TZ
Tanzanią,TZ
Tanzanię,TZ
Taszkencie,UZ
Taszkent,UZ
Taszkentach,UZ
Taszkentami,UZ
Taszkentem,UZ
Taszkentom,UZ
Taszkentowi,UZ
Taszkentu,UZ
Taszkenty,UZ
Taszkentów,UZ
Tbilisi,GE
Tegucigalp,HN
Tegucigalpa,HN
Tegucigalpach,HN
Tegucigalpami,HN
Tegucigalpie,HN
Tegucigalpo,HN
Tegucigalpom,HN
Tegucigalpy,HN
Tegucigalpą,HN
Tegucigalpę,HN
Teheran,IR
Teheranach,IR
Teheranami,IR
Teheranem,IR
Teheranie,IR
Teheranom,IR
Teheranowi,IR
Teheranu,IR
Teherany,IR
Teheranów,IR
Thimphu,BT
Timorczycy,TL
Timorczyk,TL
Timorczyka,TL
Timorczykach,TL
Timorczykami,TL
Timorczyki,TL
Timorczykiem,TL
Timorczykom,TL
Timorczykowi,TL
Timorczyku,TL
Timorczyków,TL
Tiran,AL
Tirana,AL
Tiranach,AL
Tiranami,AL
Tiranie,AL
Tirano,AL
Tiranom,AL
Tirany,AL
Tiraną,AL
Tiranę,AL
Togijczycy,TG
Togijczyk,TG
Togijczyka,TG
Togijczykach,TG
Togijczykami,TG
Togijczyki,TG
Togijczykiem,TG
Togijczykom,TG
Togijczykowi,TG
Togijczyku,TG
Togijczyków,TG
Togo,TG
Tokio,JP
Tonga,TO
Trypolis,LY
Trypolisach,LY
Trypolisami,LY
Trypolisem,LY
Trypolisie,LY
Trypolisom,LY
Trypolisowi,LY
Trypolisu,LY
Trypolisy,LY
Trypolisów,LY
Tunezja,TN
Tunezjach,TN
Tunezjami,TN
Tunezje,TN
Tunezji,TN
Tunezjo,TN
Tunezjom,TN
Tunezją,TN
Tunezję,TN
Tunezyjczycy,TN
Tunezyjczyk,TN
Tunezyjczyka,TN
Tunezyjczykach,TN
Tunezyjczykami,TN
Tunezyjczyki,TN
Tunezyjczykiem,TN
Tunezyjczykom,TN
Tunezyjczykowi,TN
Tunezyjczyku,TN
Tunezyjczyków,TN
Tunis,TN
Tunisach,TN
Tunisami,TN
Tunisem,TN
Tunisie,TN
Tunisom,TN
Tunisowi,TN
Tunisu,TN
Tunisy,TN
Tunisów,TN
Turcja,TR
Turcjach,TR
Turcjami,TR
Turcje,TR
Turcji,TR
Turcjo,TR
Turcjom,TR
Turcją,TR
Turcję,TR
Turcy,TR
Turek,TR
Turka,TR
Turkach,TR
Turkami,TR
Turki,TR
Turkiem,TR
Turkmenistan,TM
Turkmenistanach,TM
Turkmenistanami,TM
Turkmenistanem,TM
Turkmenistanie,TM
Turkmenistanom,TM
Turkmenistanowi,TM
Turkmenistanu,TM
Turkmenistany,TM
Turkmenistanów,TM
Turkom,TR
Turkowi,TR
Turkowie,TR
Turku,TR
Turków,TR
Tuvalu,TV
Tuwalczycy,TV
Tuwalczyk,TV
Tuwalczyka,TV
Tuwalczykach,TV
Tuwalczykami,TV
Tuwalczyki,TV
Tuwalczykiem,TV
Tuwalczykom,TV
Tuwalczykowi,TV
Tuwalczyku,TV
Tuwalczyków,TV
USA,US
Ugand,UG
Uganda,UG
Ugandach,UG
Ugandami,UG
Ugando,UG
Ugandom,UG
Ugandy,UG
Ugandyjczycy,UG
Ugandyjczyk,UG
Ugandyjczyka,UG
Ugandyjczykach,UG
Ugandyjczykami,UG
Ugandyjczyki,UG
Ugandyjczykiem,UG
Ugandyjczykom,UG
Ugandyjczykowi,UG
Ugandyjczyku,UG
Ugandyjczyków,UG
Ugandzie,UG
Ugandą,UG
Ugandę,UG
Ukrain,UA
Ukraina,UA
Ukrainach,UA
Ukrainami,UA
Ukrainie,UA
Ukrainiec,UA
Ukraino,UA
Ukrainom,UA
Ukrainy,UA
Ukrainą,UA
Ukrainę,UA
Ukraińca,UA
Ukraińcach,UA
Ukraińcami,UA
Ukraińce,UA
Ukraińcem,UA
Ukraińcom,UA
Ukraińcowi,UA
Ukraińcu,UA
Ukraińcy,UA
Ukraińcze,UA
Ukraińców,UA
Urugwai,UY
Urugwaj,UY
Urugwajach,UY
Urugwajami,UY
Urugwajczycy,UY
Urugwajczyk,UY
Urugwajczyka,UY
Urugwajczykach,UY
Urugwajczykami,UY
Urugwajczyki,UY
Urugwajczykiem,UY
Urugwajczykom,UY
Urugwajczykowi,UY
Urugwajczyku,UY
Urugwajczyków,UY
Urugwaje,UY
Urugwajem,UY
Urugwajom,UY
Urugwajowi,UY
Urugwaju,UY
Urugwajów,UY
Uzbekistan,UZ
Uzbekistanach,UZ
Uzbekistanami,UZ
Uzbekistanem,UZ
Uzbekistanie,UZ
Uzbekistanom,UZ
Uzbekistanowi,UZ
Uzbekistanu,UZ
Uzbekistany,UZ
Uzbekistanów,UZ
Vaduz,LI
Valletcie,MT
Vallett,MT
Valletta,MT
Vallettach,MT
Vallettami,MT
Valletto,MT
Vallettom,MT
Valletty,MT
Vallettą,MT
Vallettę,MT
Vanuatu,VU
Victoria,SC
Victoriach,SC
Victoriami,SC
Victorie,SC
Victorii,SC
Victorio,SC
Victoriom,SC
Victorią,SC
Victorię,SC
Wagadugu,BF
Walia,GB
Waliach,GB
Waliami,GB
Walie,GB
Walii,GB
Walijczycy,GB
Walijczyk,GB
Walijczyka,GB
Walijczykach,GB
Walijczykami,GB
Walijczyki,GB
Walijczykiem,GB
Walijczykom,GB
Walijczykowi,GB
Walijczyku,GB
Walijczyków,GB
Walio,GB
Waliom,GB
Walią,GB
Walię,GB
Warszaw,PL
Warszawa,PL
Warszawach,PL
Warszawami,PL
Warszawie,PL
Warszawo,PL
Warszawom,PL
Warszawy,PL
Warszawą,PL
Warszawę,PL
Waszyngton,US
Waszyngtona,US
Waszyngtonach,US
Waszyngtonami,US
Waszyngtonem,US
Waszyngtonie,US
Waszyngtonom,US
Waszyngtonowi,US
Waszyngtonowie,US
Waszyngtonu,US
Waszyngtony,US
Waszyngtonów,US
Watykan,VA
Watykanach,VA
Watykanami,VA
Watykanem,VA
Watykanie,VA
Watykanom,VA
Watykanowi,VA
Watykanu,VA
Watykany,VA
Watykanów,VA
Watykańczycy,VA
Watykańczyk,VA
Watykańczyka,VA
Watykańczykach,VA
Watykańczykami,VA
Watykańczyki,VA
Watykańczykiem,VA
Watykańczykom,VA
Watykańczykowi,VA
Watykańczyku,VA
Watykańczyków,VA
Wellington,NZ
Wellingtona,NZ
Wellingtonach,NZ
Wellingtonami,NZ
Wellingtonem,NZ
Wellingtonie,NZ
Wellingtonom,NZ
Wellingtonowi,NZ
Wellingtonowie,NZ
Wellingtonu,NZ
Wellingtony,NZ
Wellingtonów,NZ
Wenezuel,VE
Wenezuela,VE
Wenezuelach,VE
Wenezuelami,VE
Wenezuelczycy,VE
Wenezuelczyk,VE
Wenezuelczyka,VE
Wenezuelczykach,VE
Wenezuelczykami,VE
Wenezuelczyki,VE
Wenezuelczykiem,VE
Wenezuelczykom,VE
Wenezuelczykowi,VE
Wenezuelczyku,VE
Wenezuelczyków,VE
Wenezuele,VE
Wenezueli,VE
Wenezuelo,VE
Wenezuelom,VE
Wenezuelą,VE
Wenezuelę,VE
Wiedeń,AT
Wiednia,AT
Wiedniach,AT
Wiedniami,AT
Wiednie,AT
Wiedniem,AT
Wiedniom,AT
Wiedniowi,AT
Wiedniu,AT
Wiedniów,AT
Wietnam,VN
Wietnamach,VN
Wietnamami,VN
Wietnamczycy,VN
Wietnamczyk,VN
Wietnamczyka,VN
Wietnamczykach,VN
Wietnamczykami,VN
Wietnamczyki,VN
Wietnamczykiem,VN
Wietnamczykom,VN
Wietnamczykowi,VN
Wietnamczyku,VN
Wietnamczyków,VN
Wietnamem,VN
Wietnamie,VN
Wietnamom,VN
Wietnamowi,VN
Wietnamu,VN
Wietnamy,VN
Wietnamów,VN
Wiln,LY
Wilna,LY
Wilnach,LY
Wilnami,LY
Wilnem,LY
Wilnie,LY
Wilno,LY
Wilnom,LY
Wilnu,LY
Windhuk,NA
Windhukach,NA
Windhukami,NA
Windhuki,NA
Windhukiem,NA
Windhukom,NA
Windhukowi,NA
Windhuku,NA
Windhuków,NA
Węgier,HU
Węgier,HU
Węgra,HU
Węgrach,HU
Węgrami,HU
Węgrami,HU
Węgrem,HU
Węgrom,HU
Węgrom,HU
Węgrowi,HU
Węgry,HU
Węgry,HU
Węgrze,HU
Węgrzech,HU
Węgrzy,HU
Węgrów,HU
Włoch,IT
Włoch,IT
Włocha,IT
Włochach,IT
Włochach,IT
Włochami,IT
Włochami,IT
Włochem,IT
Włochom,IT
Włochom,IT
Włochowi,IT
Włochu,IT
Włochy,IT
Włochy,IT
Włochów,IT
Włosi,IT
Włoszech,IT
Yaren,NR
ZEA,AE
Zagrzeb,HR
Zagrzebi,HR
Zagrzebia,HR
Zagrzebiach,HR
Zagrzebiami,HR
Zagrzebie,HR
Zagrzebiem,HR
Zagrzebiom,HR
Zagrzebiowi,HR
Zagrzebiu,HR
Zagrzebiów,HR
Zambia,ZM
Zambiach,ZM
Zambiami,ZM
Zambie,ZM
Zambii,ZM
Zambijczycy,ZM
Zambijczyk,ZM
Zambijczyka,ZM
Zambijczykach,ZM
Zambijczykami,ZM
Zambijczyki,ZM
Zambijczykiem,ZM
Zambijczykom,ZM
Zambijczykowi,ZM
Zambijczyku,ZM
Zambijczyków,ZM
Zambio,ZM
Zambiom,ZM
Zambią,ZM
Zambię,ZM
Zimbabwe,ZW
Zimbabweńczycy,ZW
Zimbabweńczyk,ZW
Zimbabweńczyka,ZW
Zimbabweńczykach,ZW
Zimbabweńczykami,ZW
Zimbabweńczyki,ZW
Zimbabweńczykiem,ZW
Zimbabweńczykom,ZW
Zimbabweńczykowi,ZW
Zimbabweńczyku,ZW
Zimbabweńczyków,ZW
afganistańscy,AF
afganistańska,AF
afganistański,AF
afganistańskich,AF
afganistańskie,AF
afganistańskiego,AF
afganistańskiej,AF
afganistańskiemu,AF
afganistańskim,AF
afganistańskimi,AF
afganistańsko,AF
afganistańsku,AF
afganistańską,AF
afgańscy,AF
afgańska,AF
afgański,AF
afgańskich,AF
afgańskie,AF
afgańskiego,AF
afgańskiej,AF
afgańskiemu,AF
afgańskim,AF
afgańskimi,AF
afgańsko,AF
afgańsku,AF
afgańską,AF
alb,AL
albańscy,AL
albańska,AL
albański,AL
albańskich,AL
albańskie,AL
albańskiego,AL
albańskiej,AL
albańskiemu,AL
albańskim,AL
albańskimi,AL
albańsko,AL
albańsku,AL
albańską,AL
algierscy,DZ
algierska,DZ
algierski,DZ
algierskich,DZ
algierskie,DZ
algierskiego,DZ
algierskiej,DZ
algierskiemu,DZ
algierskim,DZ
algierskimi,DZ
algiersko,DZ
algiersku,DZ
algierską,DZ
am,US
amer,US
amerykańscy,US
amerykańska,US
amerykański,US
amerykańskich,US
amerykańskie,US
amerykańskiego,US
amerykańskiej,US
amerykańskiemu,US
amerykańskim,US
amerykańskimi,US
amerykańsko,US
amerykańsku,US
amerykańską,US
andorscy,AD
andorska,AD
andorski,AD
andorskich,AD
andorskie,AD
andorskiego,AD
andorskiej,AD
andorskiemu,AD
andorskim,AD
andorskimi,AD
andorsko,AD
andorsku,AD
andorską,AD
ang,GB
angielscy,GB
angielska,GB
angielski,GB
angielskich,GB
angielskie,GB
angielskiego,GB
angielskiej,GB
angielskiemu,GB
angielskim,GB
angielskimi,GB
angielsko,GB
angielsku,GB
angielską,GB
angolscy,AO
angolska,AO
angolski,AO
angolskich,AO
angolskie,AO
angolskiego,AO
angolskiej,AO
angolskiemu,AO
angolskim,AO
angolskimi,AO
angolsko,AO
angolsku,AO
angolską,AO
argentyńscy,AR
argentyńska,AR
argentyński,AR
argentyńskich,AR
argentyńskie,AR
argentyńskiego,AR
argentyńskiej,AR
argentyńskiemu,AR
argentyńskim,AR
argentyńskimi,AR
argentyńsko,AR
argentyńsku,AR
argentyńską,AR
armeńscy,AM
armeńska,AM
armeński,AM
armeńskich,AM
armeńskie,AM
armeńskiego,AM
armeńskiej,AM
armeńskiemu,AM
armeńskim,AM
armeńskimi,AM
armeńsko,AM
armeńsku,AM
armeńską,AM
austr,AT
australijscy,AU
australijska,AU
australijski,AU
australijskich,AU
australijskie,AU
australijskiego,AU
australijskiej,AU
australijskiemu,AU
australijskim,AU
australijskimi,AU
australijsko,AU
australijsku,AU
australijską,AU
austriaccy,AT
austriacka,AT
austriacki,AT
austriackich,AT
austriackie,AT
austriackiego,AT
austriackiej,AT
austriackiemu,AT
austriackim,AT
austriackimi,AT
austriacko,AT
austriacku,AT
austriacką,AT
azerb,AZ
azerbejdżańscy,AZ
azerbejdżańska,AZ
azerbejdżański,AZ
azerbejdżańskich,AZ
azerbejdżańskie,AZ
azerbejdżańskiego,AZ
azerbejdżańskiej,AZ
azerbejdżańskiemu,AZ
azerbejdżańskim,AZ
azerbejdżańskimi,AZ
azerbejdżańsko,AZ
azerbejdżańsku,AZ
azerbejdżańską,AZ
bahamscy,BS
bahamska,BS
bahamski,BS
bahamskich,BS
bahamskie,BS
bahamskiego,BS
bahamskiej,BS
bahamskiemu,BS
bahamskim,BS
bahamskimi,BS
bahamsko,BS
bahamsku,BS
bahamską,BS
bahrańscy,BH
bahrańska,BH
bahrański,BH
bahrańskich,BH
bahrańskie,BH
bahrańskiego,BH
bahrańskiej,BH
bahrańskiemu,BH
bahrańskim,BH
bahrańskimi,BH
bahrańsko,BH
bahrańsku,BH
bahrańską,BH
bangladescy,BD
bangladeska,BD
bangladeski,BD
bangladeskich,BD
bangladeskie,BD
bangladeskiego,BD
bangladeskiej,BD
bangladeskiemu,BD
bangladeskim,BD
bangladeskimi,BD
bangladesko,BD
bangladesku,BD
bangladeską,BD
barbadoscy,BB
barbadoska,BB
barbadoski,BB
barbadoskich,BB
barbadoskie,BB
barbadoskiego,BB
barbadoskiej,BB
barbadoskiemu,BB
barbadoskim,BB
barbadoskimi,BB
barbadosko,BB
barbadosku,BB
barbadoską,BB
belgijscy,BE
belgijska,BE
belgijski,BE
belgijskich,BE
belgijskie,BE
belgijskiego,BE
belgijskiej,BE
belgijskiemu,BE
belgijskim,BE
belgijskimi,BE
belgijsko,BE
belgijsku,BE
belgijską,BE
belizeńscy,BZ
belizeńska,BZ
belizeński,BZ
belizeńskich,BZ
belizeńskie,BZ
belizeńskiego,BZ
belizeńskiej,BZ
belizeńskiemu,BZ
belizeńskim,BZ
belizeńskimi,BZ
belizeńsko,BZ
belizeńsku,BZ
belizeńską,BZ
benińscy,BJ
benińska,BJ
beniński,BJ
benińskich,BJ
benińskie,BJ
benińskiego,BJ
benińskiej,BJ
benińskiemu,BJ
benińskim,BJ
benińskimi,BJ
benińsko,BJ
benińsku,BJ
benińską,BJ
bhutańscy,BT
bhutańska,BT
bhutański,BT
bhutańskich,BT
bhutańskie,BT
bhutańskiego,BT
bhutańskiej,BT
bhutańskiemu,BT
bhutańskim,BT
bhutańskimi,BT
bhutańsko,BT
bhutańsku,BT
bhutańską,BT
białoruscy,BY
białoruska,BY
białoruski,BY
białoruskich,BY
białoruskie,BY
białoruskiego,BY
białoruskiej,BY
białoruskiemu,BY
białoruskim,BY
białoruskimi,BY
białorusko,BY
białorusku,BY
białoruską,BY
birmańscy,MM
birmańska,MM
birmański,MM
birmańskich,MM
birmańskie,MM
birmańskiego,MM
birmańskiej,MM
birmańskiemu,MM
birmańskim,MM
birmańskimi,MM
birmańsko,MM
birmańsku,MM
birmańską,MM
boliwijscy,BO
boliwijska,BO
boliwijski,BO
boliwijskich,BO
boliwijskie,BO
boliwijskiego,BO
boliwijskiej,BO
boliwijskiemu,BO
boliwijskim,BO
boliwijskimi,BO
boliwijsko,BO
boliwijsku,BO
boliwijską,BO
botswańscy,BW
botswańska,BW
botswański,BW
botswańskich,BW
botswańskie,BW
botswańskiego,BW
botswańskiej,BW
botswańskiemu,BW
botswańskim,BW
botswańskimi,BW
botswańsko,BW
botswańsku,BW
botswańską,BW
bośniaccy,BA
bośniacka,BA
bośniacki,BA
bośniackich,BA
bośniackie,BA
bośniackiego,BA
bośniackiej,BA
bośniackiemu,BA
bośniackim,BA
bośniackimi,BA
bośniacko,BA
bośniacku,BA
bośniacką,BA
brazylijscy,BR
brazylijska,BR
brazylijski,BR
brazylijskich,BR
brazylijskie,BR
brazylijskiego,BR
brazylijskiej,BR
brazylijskiemu,BR
brazylijskim,BR
brazylijskimi,BR
brazylijsko,BR
brazylijsku,BR
brazylijską,BR
brunejscy,BN
brunejska,BN
brunejski,BN
brunejskich,BN
brunejskie,BN
brunejskiego,BN
brunejskiej,BN
brunejskiemu,BN
brunejskim,BN
brunejskimi,BN
brunejsko,BN
brunejsku,BN
brunejską,BN
bryt,GB
brytyjscy,GB
brytyjska,GB
brytyjski,GB
brytyjskich,GB
brytyjskie,GB
brytyjskiego,GB
brytyjskiej,GB
brytyjskiemu,GB
brytyjskim,GB
brytyjskimi,GB
brytyjsko,GB
brytyjsku,GB
brytyjską,GB
burkińscy,BF
burkińska,BF
burkiński,BF
burkińskich,BF
burkińskie,BF
burkińskiego,BF
burkińskiej,BF
burkińskiemu,BF
burkińskim,BF
burkińskimi,BF
burkińsko,BF
burkińsku,BF
burkińską,BF
burundyjscy,BI
burundyjska,BI
burundyjski,BI
burundyjskich,BI
burundyjskie,BI
burundyjskiego,BI
burundyjskiej,BI
burundyjskiemu,BI
burundyjskim,BI
burundyjskimi,BI
burundyjsko,BI
burundyjsku,BI
burundyjską,BI
bułgarscy,BG
bułgarska,BG
bułgarski,BG
bułgarskich,BG
bułgarskie,BG
bułgarskiego,BG
bułgarskiej,BG
bułgarskiemu,BG
bułgarskim,BG
bułgarskimi,BG
bułgarsko,BG
bułgarsku,BG
bułgarską,BG
chilijscy,CL
chilijska,CL
chilijski,CL
chilijskich,CL
chilijskie,CL
chilijskiego,CL
chilijskiej,CL
chilijskiemu,CL
chilijskim,CL
chilijskimi,CL
chilijsko,CL
chilijsku,CL
chilijską,CL
chiń,CN
chińscy,CN
chińska,CN
chiński,CN
chińskich,CN
chińskie,CN
chińskiego,CN
chińskiej,CN
chińskiemu,CN
chińskim,CN
chińskimi,CN
chińsko,CN
chińsku,CN
chińską,CN
chorwaccy,HR
chorwacka,HR
chorwacki,HR
chorwackich,HR
chorwackie,HR
chorwackiego,HR
chorwackiej,HR
chorwackiemu,HR
chorwackim,HR
chorwackimi,HR
chorwacko,HR
chorwacku,HR
chorwacką,HR
cypryjscy,CY
cypryjska,CY
cypryjski,CY
cypryjskich,CY
cypryjskie,CY
cypryjskiego,CY
cypryjskiej,CY
cypryjskiemu,CY
cypryjskim,CY
cypryjskimi,CY
cypryjsko,CY
cypryjsku,CY
cypryjską,CY
czadyjscy,TD
czadyjska,TD
czadyjski,TD
czadyjskich,TD
czadyjskie,TD
czadyjskiego,TD
czadyjskiej,TD
czadyjskiemu,TD
czadyjskim,TD
czadyjskimi,TD
czadyjsko,TD
czadyjsku,TD
czadyjską,TD
czarnogórscy,ME
czarnogórska,ME
czarnogórski,ME
czarnogórskich,ME
czarnogórskie,ME
czarnogórskiego,ME
czarnogórskiej,ME
czarnogórskiemu,ME
czarnogórskim,ME
czarnogórskimi,ME
czarnogórsko,ME
czarnogórsku,ME
czarnogórską,ME
czes,CZ
czescy,CZ
czeska,CZ
czeski,CZ
czeskich,CZ
czeskie,CZ
czeskiego,CZ
czeskiej,CZ
czeskiemu,CZ
czeskim,CZ
czeskimi,CZ
czesko,CZ
czesku,CZ
czeską,CZ
dominiccy,DM
dominicka,DM
dominicki,DM
dominickich,DM
dominickie,DM
dominickiego,DM
dominickiej,DM
dominickiemu,DM
dominickim,DM
dominickimi,DM
dominicko,DM
dominicku,DM
dominicką,DM
dominikańscy,DO
dominikańska,DO
dominikański,DO
dominikańskich,DO
dominikańskie,DO
dominikańskiego,DO
dominikańskiej,DO
dominikańskiemu,DO
dominikańskim,DO
dominikańskimi,DO
dominikańsko,DO
dominikańsku,DO
dominikańską,DO
duńscy,DK
duńska,DK
duński,DK
duńskich,DK
duńskie,DK
duńskiego,DK
duńskiej,DK
duńskiemu,DK
duńskim,DK
duńskimi,DK
duńsko,DK
duńsku,DK
duńską,DK
dżibutyjscy,DJ
dżibutyjska,DJ
dżibutyjski,DJ
dżibutyjskich,DJ
dżibutyjskie,DJ
dżibutyjskiego,DJ
dżibutyjskiej,DJ
dżibutyjskiemu,DJ
dżibutyjskim,DJ
dżibutyjskimi,DJ
dżibutyjsko,DJ
dżibutyjsku,DJ
dżibutyjską,DJ
egipscy,EG
egipska,EG
egipski,EG
egipskich,EG
egipskie,EG
egipskiego,EG
egipskiej,EG
egipskiemu,EG
egipskim,EG
egipskimi,EG
egipsko,EG
egipsku,EG
egipską,EG
ekwadorscy,EC
ekwadorska,EC
ekwadorski,EC
ekwadorskich,EC
ekwadorskie,EC
ekwadorskiego,EC
ekwadorskiej,EC
ekwadorskiemu,EC
ekwadorskim,EC
ekwadorskimi,EC
ekwadorsko,EC
ekwadorsku,EC
ekwadorską,EC
erytrejscy,ER
erytrejska,ER
erytrejski,ER
erytrejskich,ER
erytrejskie,ER
erytrejskiego,ER
erytrejskiej,ER
erytrejskiemu,ER
erytrejskim,ER
erytrejskimi,ER
erytrejsko,ER
erytrejsku,ER
erytrejską,ER
estońscy,EE
estońska,EE
estoński,EE
estońskich,EE
estońskie,EE
estońskiego,EE
estońskiej,EE
estońskiemu,EE
estońskim,EE
estońskimi,EE
estońsko,EE
estońsku,EE
estońską,EE
etiop,ET
etiopscy,ET
etiopska,ET
etiopski,ET
etiopskich,ET
etiopskie,ET
etiopskiego,ET
etiopskiej,ET
etiopskiemu,ET
etiopskim,ET
etiopskimi,ET
etiopsko,ET
etiopsku,ET
etiopską,ET
fidżyjscy,FJ
fidżyjska,FJ
fidżyjski,FJ
fidżyjskich,FJ
fidżyjskie,FJ
fidżyjskiego,FJ
fidżyjskiej,FJ
fidżyjskiemu,FJ
fidżyjskim,FJ
fidżyjskimi,FJ
fidżyjsko,FJ
fidżyjsku,FJ
fidżyjską,FJ
filipińscy,PH
filipińska,PH
filipiński,PH
filipińskich,PH
filipińskie,PH
filipińskiego,PH
filipińskiej,PH
filipińskiemu,PH
filipińskim,PH
filipińskimi,PH
filipińsko,PH
filipińsku,PH
filipińską,PH
fiń,FI
fińscy,FI
fińska,FI
fiński,FI
fińskich,FI
fińskie,FI
fińskiego,FI
fińskiej,FI
fińskiemu,FI
fińskim,FI
fińskimi,FI
fińsko,FI
fińsku,FI
fińską,FI
fr,FR
francuscy,FR
francuska,FR
francuski,FR
francuskich,FR
francuskie,FR
francuskiego,FR
francuskiej,FR
francuskiemu,FR
francuskim,FR
francuskimi,FR
francusko,FR
francusku,FR
francuską,FR
gabońscy,GA
gabońska,GA
gaboński,GA
gabońskich,GA
gabońskie,GA
gabońskiego,GA
gabońskiej,GA
gabońskiemu,GA
gabońskim,GA
gabońskimi,GA
gabońsko,GA
gabońsku,GA
gabońską,GA
gambijscy,GM
gambijska,GM
gambijski,GM
gambijskich,GM
gambijskie,GM
gambijskiego,GM
gambijskiej,GM
gambijskiemu,GM
gambijskim,GM
gambijskimi,GM
gambijsko,GM
gambijsku,GM
gambijską,GM
ghańscy,GH
ghańska,GH
ghański,GH
ghańskich,GH
ghańskie,GH
ghańskiego,GH
ghańskiej,GH
ghańskiemu,GH
ghańskim,GH
ghańskimi,GH
ghańsko,GH
ghańsku,GH
ghańską,GH
gr,GR
grec,GR
greccy,GR
grecka,GR
grecki,GR
greckich,GR
greckie,GR
greckiego,GR
greckiej,GR
greckiemu,GR
greckim,GR
greckimi,GR
grecko,GR
grecku,GR
grecką,GR
grenadyjscy,GD
grenadyjska,GD
grenadyjski,GD
grenadyjskich,GD
grenadyjskie,GD
grenadyjskiego,GD
grenadyjskiej,GD
grenadyjskiemu,GD
grenadyjskim,GD
grenadyjskimi,GD
grenadyjsko,GD
grenadyjsku,GD
grenadyjską,GD
gruzińscy,GE
gruzińska,GE
gruziński,GE
gruzińskich,GE
gruzińskie,GE
gruzińskiego,GE
gruzińskiej,GE
gruzińskiemu,GE
gruzińskim,GE
gruzińskimi,GE
gruzińsko,GE
gruzińsku,GE
gruzińską,GE
gujańscy,GY
gujańska,GY
gujański,GY
gujańskich,GY
gujańskie,GY
gujańskiego,GY
gujańskiej,GY
gujańskiemu,GY
gujańskim,GY
gujańskimi,GY
gujańsko,GY
gujańsku,GY
gujańską,GY
gwatemalscy,GT
gwatemalska,GT
gwatemalski,GT
gwatemalskich,GT
gwatemalskie,GT
gwatemalskiego,GT
gwatemalskiej,GT
gwatemalskiemu,GT
gwatemalskim,GT
gwatemalskimi,GT
gwatemalsko,GT
gwatemalsku,GT
gwatemalską,GT
gwinejscy,GN
gwinejska,GN
gwinejski,GN
gwinejskich,GN
gwinejskie,GN
gwinejskiego,GN
gwinejskiej,GN
gwinejskiemu,GN
gwinejskim,GN
gwinejskimi,GN
gwinejsko,GN
gwinejsku,GN
gwinejską,GN
haitańscy,HT
haitańska,HT
haitański,HT
haitańskich,HT
haitańskie,HT
haitańskiego,HT
haitańskiej,HT
haitańskiemu,HT
haitańskim,HT
haitańskimi,HT
haitańsko,HT
haitańsku,HT
haitańską,HT
hiszp,ES
hiszpańscy,ES
hiszpańska,ES
hiszpański,ES
hiszpańskich,ES
hiszpańskie,ES
hiszpańskiego,ES
hiszpańskiej,ES
hiszpańskiemu,ES
hiszpańskim,ES
hiszpańskimi,ES
hiszpańsko,ES
hiszpańsku,ES
hiszpańską,ES
holend,NL
holenderscy,NL
holenderska,NL
holenderski,NL
holenderskich,NL
holenderskie,NL
holenderskiego,NL
holenderskiej,NL
holenderskiemu,NL
holenderskim,NL
holenderskimi,NL
holendersko,NL
holendersku,NL
holenderską,NL
hondur,HN
hondurascy,HN
honduraska,HN
honduraski,HN
honduraskich,HN
honduraskie,HN
honduraskiego,HN
honduraskiej,HN
honduraskiemu,HN
honduraskim,HN
honduraskimi,HN
hondurasko,HN
hondurasku,HN
honduraską,HN
indonezyjscy,ID
indonezyjska,ID
indonezyjski,ID
indonezyjskich,ID
indonezyjskie,ID
indonezyjskiego,ID
indonezyjskiej,ID
indonezyjskiemu,ID
indonezyjskim,ID
indonezyjskimi,ID
indonezyjsko,ID
indonezyjsku,ID
indonezyjską,ID
indyjscy,IN
indyjska,IN
indyjski,IN
indyjskich,IN
indyjskie,IN
indyjskiego,IN
indyjskiej,IN
indyjskiemu,IN
indyjskim,IN
indyjskimi,IN
indyjsko,IN
indyjsku,IN
indyjską,IN
iraccy,IQ
iracka,IQ
iracki,IQ
irackich,IQ
irackie,IQ
irackiego,IQ
irackiej,IQ
irackiemu,IQ
irackim,IQ
irackimi,IQ
iracko,IQ
iracku,IQ
iracką,IQ
irańscy,IR
irańska,IR
irański,IR
irańskich,IR
irańskie,IR
irańskiego,IR
irańskiej,IR
irańskiemu,IR
irańskim,IR
irańskimi,IR
irańsko,IR
irańsku,IR
irańską,IR
irlandzcy,IE
irlandzka,IE
irlandzki,IE
irlandzkich,IE
irlandzkie,IE
irlandzkiego,IE
irlandzkiej,IE
irlandzkiemu,IE
irlandzkim,IE
irlandzkimi,IE
irlandzko,IE
irlandzku,IE
irlandzką,IE
islandzcy,IS
islandzka,IS
islandzki,IS
islandzkich,IS
islandzkie,IS
islandzkiego,IS
islandzkiej,IS
islandzkiemu,IS
islandzkim,IS
islandzkimi,IS
islandzko,IS
islandzku,IS
islandzką,IS
izraelscy,IL
izraelska,IL
izraelski,IL
izraelskich,IL
izraelskie,IL
izraelskiego,IL
izraelskiej,IL
izraelskiemu,IL
izraelskim,IL
izraelskimi,IL
izraelsko,IL
izraelsku,IL
izraelską,IL
jamajscy,JM
jamajska,JM
jamajski,JM
jamajskich,JM
jamajskie,JM
jamajskiego,JM
jamajskiej,JM
jamajskiemu,JM
jamajskim,JM
jamajskimi,JM
jamajsko,JM
jamajsku,JM
jamajską,JM
japońscy,JP
japońska,JP
japoński,JP
japońskich,JP
japońskie,JP
japońskiego,JP
japońskiej,JP
japońskiemu,JP
japońskim,JP
japońskimi,JP
japońsko,JP
japońsku,JP
japońską,JP
jemeńscy,YE
jemeńska,YE
jemeński,YE
jemeńskich,YE
jemeńskie,YE
jemeńskiego,YE
jemeńskiej,YE
jemeńskiemu,YE
jemeńskim,YE
jemeńskimi,YE
jemeńsko,YE
jemeńsku,YE
jemeńską,YE
jordańscy,JO
jordańska,JO
jordański,JO
jordańskich,JO
jordańskie,JO
jordańskiego,JO
jordańskiej,JO
jordańskiemu,JO
jordańskim,JO
jordańskimi,JO
jordańsko,JO
jordańsku,JO
jordańską,JO
kambodżańscy,KH
kambodżańska,KH
kambodżański,KH
kambodżańskich,KH
kambodżańskie,KH
kambodżańskiego,KH
kambodżańskiej,KH
kambodżańskiemu,KH
kambodżańskim,KH
kambodżańskimi,KH
kambodżańsko,KH
kambodżańsku,KH
kambodżańską,KH
kameruńscy,CM
kameruńska,CM
kameruński,CM
kameruńskich,CM
kameruńskie,CM
kameruńskiego,CM
kameruńskiej,CM
kameruńskiemu,CM
kameruńskim,CM
kameruńskimi,CM
kameruńsko,CM
kameruńsku,CM
kameruńską,CM
kanadyjscy,CA
kanadyjska,CA
kanadyjski,CA
kanadyjskich,CA
kanadyjskie,CA
kanadyjskiego,CA
kanadyjskiej,CA
kanadyjskiemu,CA
kanadyjskim,CA
kanadyjskimi,CA
kanadyjsko,CA
kanadyjsku,CA
kanadyjską,CA
katarscy,QA
katarska,QA
katarski,QA
katarskich,QA
katarskie,QA
katarskiego,QA
katarskiej,QA
katarskiemu,QA
katarskim,QA
katarskimi,QA
katarsko,QA
katarsku,QA
katarską,QA
kazachstańscy,KZ
kazachstańska,KZ
kazachstański,KZ
kazachstańskich,KZ
kazachstańskie,KZ
kazachstańskiego,KZ
kazachstańskiej,KZ
kazachstańskiemu,KZ
kazachstańskim,KZ
kazachstańskimi,KZ
kazachstańsko,KZ
kazachstańsku,KZ
kazachstańską,KZ
kenijscy,KE
kenijska,KE
kenijski,KE
kenijskich,KE
kenijskie,KE
kenijskiego,KE
kenijskiej,KE
kenijskiemu,KE
kenijskim,KE
kenijskimi,KE
kenijsko,KE
kenijsku,KE
kenijską,KE
kirgiscy,KG
kirgiska,KG
kirgiski,KG
kirgiskich,KG
kirgiskie,KG
kirgiskiego,KG
kirgiskiej,KG
kirgiskiemu,KG
kirgiskim,KG
kirgiskimi,KG
kirgisko,KG
kirgisku,KG
kirgiską,KG
kiribatyjscy,KI
kiribatyjska,KI
kiribatyjski,KI
kiribatyjskich,KI
kiribatyjskie,KI
kiribatyjskiego,KI
kiribatyjskiej,KI
kiribatyjskiemu,KI
kiribatyjskim,KI
kiribatyjskimi,KI
kiribatyjsko,KI
kiribatyjsku,KI
kiribatyjską,KI
kolumbijscy,CO
kolumbijska,CO
kolumbijski,CO
kolumbijskich,CO
kolumbijskie,CO
kolumbijskiego,CO
kolumbijskiej,CO
kolumbijskiemu,CO
kolumbijskim,CO
kolumbijskimi,CO
kolumbijsko,CO
kolumbijsku,CO
kolumbijską,CO
komoryjscy,KM
komoryjska,KM
komoryjski,KM
komoryjskich,KM
komoryjskie,KM
komoryjskiego,KM
komoryjskiej,KM
komoryjskiemu,KM
komoryjskim,KM
komoryjskimi,KM
komoryjsko,KM
komoryjsku,KM
komoryjską,KM
kongijscy,CG
kongijska,CG
kongijski,CG
kongijskich,CG
kongijskie,CG
kongijskiego,CG
kongijskiej,CG
kongijskiemu,CG
kongijskim,CG
kongijskimi,CG
kongijsko,CG
kongijsku,CG
kongijską,CG
koreańscy,KP
koreańska,KP
koreański,KP
koreańskich,KP
koreańskie,KP
koreańskiego,KP
koreańskiej,KP
koreańskiemu,KP
koreańskim,KP
koreańskimi,KP
koreańsko,KP
koreańsku,KP
koreańską,KP
kosowscy,XK
kosowska,XK
kosowski,XK
kosowskich,XK
kosowskie,XK
kosowskiego,XK
kosowskiej,XK
kosowskiemu,XK
kosowskim,XK
kosowskimi,XK
kosowsko,XK
kosowsku,XK
kosowską,XK
kostarykańscy,CR
kostarykańska,CR
kostarykański,CR
kostarykańskich,CR
kostarykańskie,CR
kostarykańskiego,CR
kostarykańskiej,CR
kostarykańskiemu,CR
kostarykańskim,CR
kostarykańskimi,CR
kostarykańsko,CR
kostarykańsku,CR
kostarykańską,CR
kubańscy,CU
kubańska,CU
kubański,CU
kubańskich,CU
kubańskie,CU
kubańskiego,CU
kubańskiej,CU
kubańskiemu,CU
kubańskim,CU
kubańskimi,CU
kubańsko,CU
kubańsku,CU
kubańską,CU
kuwejccy,KQ
kuwejcka,KQ
kuwejcki,KQ
kuwejckich,KQ
kuwejckie,KQ
kuwejckiego,KQ
kuwejckiej,KQ
kuwejckiemu,KQ
kuwejckim,KQ
kuwejckimi,KQ
kuwejcko,KQ
kuwejcku,KQ
kuwejcką,KQ
lankijscy,LK
lankijska,LK
lankijski,LK
lankijskich,LK
lankijskie,LK
lankijskiego,LK
lankijskiej,LK
lankijskiemu,LK
lankijskim,LK
lankijskimi,LK
lankijsko,LK
lankijsku,LK
lankijską,LK
laotańscy,LA
laotańska,LA
laotański,LA
laotańskich,LA
laotańskie,LA
laotańskiego,LA
laotańskiej,LA
laotańskiemu,LA
laotańskim,LA
laotańskimi,LA
laotańsko,LA
laotańsku,LA
laotańską,LA
lesotyjscy,LS
lesotyjska,LS
lesotyjski,LS
lesotyjskich,LS
lesotyjskie,LS
lesotyjskiego,LS
lesotyjskiej,LS
lesotyjskiemu,LS
lesotyjskim,LS
lesotyjskimi,LS
lesotyjsko,LS
lesotyjsku,LS
lesotyjską,LS
libańscy,LB
libańska,LB
libański,LB
libańskich,LB
libańskie,LB
libańskiego,LB
libańskiej,LB
libańskiemu,LB
libańskim,LB
libańskimi,LB
libańsko,LB
libańsku,LB
libańską,LB
liberyjscy,LR
liberyjska,LR
liberyjski,LR
liberyjskich,LR
liberyjskie,LR
liberyjskiego,LR
liberyjskiej,LR
liberyjskiemu,LR
liberyjskim,LR
liberyjskimi,LR
liberyjsko,LR
liberyjsku,LR
liberyjską,LR
libijscy,LY
libijska,LY
libijski,LY
libijskich,LY
libijskie,LY
libijskiego,LY
libijskiej,LY
libijskiemu,LY
libijskim,LY
libijskimi,LY
libijsko,LY
libijsku,LY
libijską,LY
litewscy,LY
litewska,LY
litewski,LY
litewskich,LY
litewskie,LY
litewskiego,LY
litewskiej,LY
litewskiemu,LY
litewskim,LY
litewskimi,LY
litewsko,LY
litewsku,LY
litewską,LY
luksemburscy,LU
luksemburska,LU
luksemburski,LU
luksemburskich,LU
luksemburskie,LU
luksemburskiego,LU
luksemburskiej,LU
luksemburskiemu,LU
luksemburskim,LU
luksemburskimi,LU
luksembursko,LU
luksembursku,LU
luksemburską,LU
macedońscy,MK
macedońska,MK
macedoński,MK
macedońskich,MK
macedońskie,MK
macedońskiego,MK
macedońskiej,MK
macedońskiemu,MK
macedońskim,MK
macedońskimi,MK
macedońsko,MK
macedońsku,MK
macedońską,MK
madagaskarscy,MG
madagaskarska,MG
madagaskarski,MG
madagaskarskich,MG
madagaskarskie,MG
madagaskarskiego,MG
madagaskarskiej,MG
madagaskarskiemu,MG
madagaskarskim,MG
madagaskarskimi,MG
madagaskarsko,MG
madagaskarsku,MG
madagaskarską,MG
malawijscy,MW
malawijska,MW
malawijski,MW
malawijskich,MW
malawijskie,MW
malawijskiego,MW
malawijskiej,MW
malawijskiemu,MW
malawijskim,MW
malawijskimi,MW
malawijsko,MW
malawijsku,MW
malawijską,MW
malediwscy,MV
malediwska,MV
malediwski,MV
malediwskich,MV
malediwskie,MV
malediwskiego,MV
malediwskiej,MV
malediwskiemu,MV
malediwskim,MV
malediwskimi,MV
malediwsko,MV
malediwsku,MV
malediwską,MV
malezyjscy,MY
malezyjska,MY
malezyjski,MY
malezyjskich,MY
malezyjskie,MY
malezyjskiego,MY
malezyjskiej,MY
malezyjskiemu,MY
malezyjskim,MY
malezyjskimi,MY
malezyjsko,MY
malezyjsku,MY
malezyjską,MY
malijscy,ML
malijska,ML
malijski,ML
malijskich,ML
malijskie,ML
malijskiego,ML
malijskiej,ML
malijskiemu,ML
malijskim,ML
malijskimi,ML
malijsko,ML
malijsku,ML
malijską,ML
maltańscy,MT
maltańska,MT
maltański,MT
maltańskich,MT
maltańskie,MT
maltańskiego,MT
maltańskiej,MT
maltańskiemu,MT
maltańskim,MT
maltańskimi,MT
maltańsko,MT
maltańsku,MT
maltańską,MT
marokańscy,MA
marokańska,MA
marokański,MA
marokańskich,MA
marokańskie,MA
marokańskiego,MA
marokańskiej,MA
marokańskiemu,MA
marokańskim,MA
marokańskimi,MA
marokańsko,MA
marokańsku,MA
marokańską,MA
mauretańscy,MR
mauretańska,MR
mauretański,MR
mauretańskich,MR
mauretańskie,MR
mauretańskiego,MR
mauretańskiej,MR
mauretańskiemu,MR
mauretańskim,MR
mauretańskimi,MR
mauretańsko,MR
mauretańsku,MR
mauretańską,MR
maurytyjscy,MY
maurytyjska,MY
maurytyjski,MY
maurytyjskich,MY
maurytyjskie,MY
maurytyjskiego,MY
maurytyjskiej,MY
maurytyjskiemu,MY
maurytyjskim,MY
maurytyjskimi,MY
maurytyjsko,MY
maurytyjsku,MY
maurytyjską,MY
meksykańscy,MX
meksykańska,MX
meksykański,MX
meksykańskich,MX
meksykańskie,MX
meksykańskiego,MX
meksykańskiej,MX
meksykańskiemu,MX
meksykańskim,MX
meksykańskimi,MX
meksykańsko,MX
meksykańsku,MX
meksykańską,MX
mikronezyjscy,FM
mikronezyjska,FM
mikronezyjski,FM
mikronezyjskich,FM
mikronezyjskie,FM
mikronezyjskiego,FM
mikronezyjskiej,FM
mikronezyjskiemu,FM
mikronezyjskim,FM
mikronezyjskimi,FM
mikronezyjsko,FM
mikronezyjsku,FM
mikronezyjską,FM
monakijscy,MC
monakijska,MC
monakijski,MC
monakijskich,MC
monakijskie,MC
monakijskiego,MC
monakijskiej,MC
monakijskiemu,MC
monakijskim,MC
monakijskimi,MC
monakijsko,MC
monakijsku,MC
monakijską,MC
mongolscy,MN
mongolska,MN
mongolski,MN
mongolskich,MN
mongolskie,MN
mongolskiego,MN
mongolskiej,MN
mongolskiemu,MN
mongolskim,MN
mongolskimi,MN
mongolsko,MN
mongolsku,MN
mongolską,MN
mozambiccy,MZ
mozambicka,MZ
mozambicki,MZ
mozambickich,MZ
mozambickie,MZ
mozambickiego,MZ
mozambickiej,MZ
mozambickiemu,MZ
mozambickim,MZ
mozambickimi,MZ
mozambicko,MZ
mozambicku,MZ
mozambicką,MZ
mołdawscy,MD
mołdawska,MD
mołdawski,MD
mołdawskich,MD
mołdawskie,MD
mołdawskiego,MD
mołdawskiej,MD
mołdawskiemu,MD
mołdawskim,MD
mołdawskimi,MD
mołdawsko,MD
mołdawsku,MD
mołdawską,MD
namibijscy,NA
namibijska,NA
namibijski,NA
namibijskich,NA
namibijskie,NA
namibijskiego,NA
namibijskiej,NA
namibijskiemu,NA
namibijskim,NA
namibijskimi,NA
namibijsko,NA
namibijsku,NA
namibijską,NA
nauruańscy,NR
nauruańska,NR
nauruański,NR
nauruańskich,NR
nauruańskie,NR
nauruańskiego,NR
nauruańskiej,NR
nauruańskiemu,NR
nauruańskim,NR
nauruańskimi,NR
nauruańsko,NR
nauruańsku,NR
nauruańską,NR
nepalscy,NP
nepalska,NP
nepalski,NP
nepalskich,NP
nepalskie,NP
nepalskiego,NP
nepalskiej,NP
nepalskiemu,NP
nepalskim,NP
nepalskimi,NP
nepalsko,NP
nepalsku,NP
nepalską,NP
niem,DE
niemieccy,DE
niemiecka,DE
niemiecki,DE
niemieckich,DE
niemieckie,DE
niemieckiego,DE
niemieckiej,DE
niemieckiemu,DE
niemieckim,DE
niemieckimi,DE
niemiecko,DE
niemiecku,DE
niemiecką,DE
nigerscy,NE
nigerska,NE
nigerski,NE
nigerskich,NE
nigerskie,NE
nigerskiego,NE
nigerskiej,NE
nigerskiemu,NE
nigerskim,NE
nigerskimi,NE
nigersko,NE
nigersku,NE
nigerską,NE
nigeryjscy,NG
nigeryjska,NG
nigeryjski,NG
nigeryjskich,NG
nigeryjskie,NG
nigeryjskiego,NG
nigeryjskiej,NG
nigeryjskiemu,NG
nigeryjskim,NG
nigeryjskimi,NG
nigeryjsko,NG
nigeryjsku,NG
nigeryjską,NG
nikaraguańscy,NI
nikaraguańska,NI
nikaraguański,NI
nikaraguańskich,NI
nikaraguańskie,NI
nikaraguańskiego,NI
nikaraguańskiej,NI
nikaraguańskiemu,NI
nikaraguańskim,NI
nikaraguańskimi,NI
nikaraguańsko,NI
nikaraguańsku,NI
nikaraguańską,NI
norwescy,NO
norweska,NO
norweski,NO
norweskich,NO
norweskie,NO
norweskiego,NO
norweskiej,NO
norweskiemu,NO
norweskim,NO
norweskimi,NO
norwesko,NO
norwesku,NO
norweską,NO
nowozelandzcy,NZ
nowozelandzka,NZ
nowozelandzki,NZ
nowozelandzkich,NZ
nowozelandzkie,NZ
nowozelandzkiego,NZ
nowozelandzkiej,NZ
nowozelandzkiemu,NZ
nowozelandzkim,NZ
nowozelandzkimi,NZ
nowozelandzko,NZ
nowozelandzku,NZ
nowozelandzką,NZ
omańscy,OM
omańska,OM
omański,OM
omańskich,OM
omańskie,OM
omańskiego,OM
omańskiej,OM
omańskiemu,OM
omańskim,OM
omańskimi,OM
omańsko,OM
omańsku,OM
omańską,OM
pakistańscy,PK
pakistańska,PK
pakistański,PK
pakistańskich,PK
pakistańskie,PK
pakistańskiego,PK
pakistańskiej,PK
pakistańskiemu,PK
pakistańskim,PK
pakistańskimi,PK
pakistańsko,PK
pakistańsku,PK
pakistańską,PK
palauscy,PW
palauska,PW
palauski,PW
palauskich,PW
palauskie,PW
palauskiego,PW
palauskiej,PW
palauskiemu,PW
palauskim,PW
palauskimi,PW
palausko,PW
palausku,PW
palauską,PW
panamscy,PA
panamska,PA
panamski,PA
panamskich,PA
panamskie,PA
panamskiego,PA
panamskiej,PA
panamskiemu,PA
panamskim,PA
panamskimi,PA
panamsko,PA
panamsku,PA
panamską,PA
papuańscy,PG
papuańska,PG
papuański,PG
papuańskich,PG
papuańskie,PG
papuańskiego,PG
papuańskiej,PG
papuańskiemu,PG
papuańskim,PG
papuańskimi,PG
papuańsko,PG
papuańsku,PG
papuańską,PG
paragwajscy,PY
paragwajska,PY
paragwajski,PY
paragwajskich,PY
paragwajskie,PY
paragwajskiego,PY
paragwajskiej,PY
paragwajskiemu,PY
paragwajskim,PY
paragwajskimi,PY
paragwajsko,PY
paragwajsku,PY
paragwajską,PY
peruwiańscy,PE
peruwiańska,PE
peruwiański,PE
peruwiańskich,PE
peruwiańskie,PE
peruwiańskiego,PE
peruwiańskiej,PE
peruwiańskiemu,PE
peruwiańskim,PE
peruwiańskimi,PE
peruwiańsko,PE
peruwiańsku,PE
peruwiańską,PE
polscy,PL
polska,PL
polski,PL
polskich,PL
polskie,PL
polskiego,PL
polskiej,PL
polskiemu,PL
polskim,PL
polskimi,PL
polsko,PL
polsku,PL
polską,PL
portugalscy,PT
portugalska,PT
portugalski,PT
portugalskich,PT
portugalskie,PT
portugalskiego,PT
portugalskiej,PT
portugalskiemu,PT
portugalskim,PT
portugalskimi,PT
portugalsko,PT
portugalsku,PT
portugalską,PT
południowoafrykańscy,ZA
południowoafrykańska,ZA
południowoafrykański,ZA
południowoafrykańskich,ZA
południowoafrykańskie,ZA
południowoafrykańskiego,ZA
południowoafrykańskiej,ZA
południowoafrykańskiemu,ZA
południowoafrykańskim,ZA
południowoafrykańskimi,ZA
południowoafrykańsko,ZA
południowoafrykańsku,ZA
południowoafrykańską,ZA
południowokoreańscy,KR
południowokoreańska,KR
południowokoreański,KR
południowokoreańskich,KR
południowokoreańskie,KR
południowokoreańskiego,KR
południowokoreańskiej,KR
południowokoreańskiemu,KR
południowokoreańskim,KR
południowokoreańskimi,KR
południowokoreańsko,KR
południowokoreańsku,KR
południowokoreańską,KR
północnokoreańscy,KP
północnokoreańska,KP
północnokoreański,KP
północnokoreańskich,KP
północnokoreańskie,KP
północnokoreańskiego,KP
północnokoreańskiej,KP
północnokoreańskiemu,KP
północnokoreańskim,KP
północnokoreańskimi,KP
północnokoreańsko,KP
północnokoreańsku,KP
północnokoreańską,KP
rosyjscy,RU
rosyjska,RU
rosyjski,RU
rosyjskich,RU
rosyjskie,RU
rosyjskiego,RU
rosyjskiej,RU
rosyjskiemu,RU
rosyjskim,RU
rosyjskimi,RU
rosyjsko,RU
rosyjsku,RU
rosyjską,RU
rumuńscy,RO
rumuńska,RO
rumuński,RO
rumuńskich,RO
rumuńskie,RO
rumuńskiego,RO
rumuńskiej,RO
rumuńskiemu,RO
rumuńskim,RO
rumuńskimi,RO
rumuńsko,RO
rumuńsku,RO
rumuńską,RO
rwandyjscy,RW
rwandyjska,RW
rwandyjski,RW
rwandyjskich,RW
rwandyjskie,RW
rwandyjskiego,RW
rwandyjskiej,RW
rwandyjskiemu,RW
rwandyjskim,RW
rwandyjskimi,RW
rwandyjsko,RW
rwandyjsku,RW
rwandyjską,RW
salwadorscy,SV
salwadorska,SV
salwadorski,SV
salwadorskich,SV
salwadorskie,SV
salwadorskiego,SV
salwadorskiej,SV
salwadorskiemu,SV
salwadorskim,SV
salwadorskimi,SV
salwadorsko,SV
salwadorsku,SV
salwadorską,SV
samoańscy,WS
samoańska,WS
samoański,WS
samoańskich,WS
samoańskie,WS
samoańskiego,WS
samoańskiej,WS
samoańskiemu,WS
samoańskim,WS
samoańskimi,WS
samoańsko,WS
samoańsku,WS
samoańską,WS
sanmaryńscy,SM
sanmaryńska,SM
sanmaryński,SM
sanmaryńskich,SM
sanmaryńskie,SM
sanmaryńskiego,SM
sanmaryńskiej,SM
sanmaryńskiemu,SM
sanmaryńskim,SM
sanmaryńskimi,SM
sanmaryńsko,SM
sanmaryńsku,SM
sanmaryńską,SM
saudyjscy,SA
saudyjska,SA
saudyjski,SA
saudyjskich,SA
saudyjskie,SA
saudyjskiego,SA
saudyjskiej,SA
saudyjskiemu,SA
saudyjskim,SA
saudyjskimi,SA
saudyjsko,SA
saudyjsku,SA
saudyjską,SA
senegalscy,SN
senegalska,SN
senegalski,SN
senegalskich,SN
senegalskie,SN
senegalskiego,SN
senegalskiej,SN
senegalskiemu,SN
senegalskim,SN
senegalskimi,SN
senegalsko,SN
senegalsku,SN
senegalską,SN
serbscy,XS
serbska,XS
serbski,XS
serbskich,XS
serbskie,XS
serbskiego,XS
serbskiej,XS
serbskiemu,XS
serbskim,XS
serbskimi,XS
serbsko,XS
serbsku,XS
serbską,XS
seszelscy,SC
seszelska,SC
seszelski,SC
seszelskich,SC
seszelskie,SC
seszelskiego,SC
seszelskiej,SC
seszelskiemu,SC
seszelskim,SC
seszelskimi,SC
seszelsko,SC
seszelsku,SC
seszelską,SC
sierraleońscy,SL
sierraleońska,SL
sierraleoński,SL
sierraleońskich,SL
sierraleońskie,SL
sierraleońskiego,SL
sierraleońskiej,SL
sierraleońskiemu,SL
sierraleońskim,SL
sierraleońskimi,SL
sierraleońsko,SL
sierraleońsku,SL
sierraleońską,SL
singapurscy,SG
singapurska,SG
singapurski,SG
singapurskich,SG
singapurskie,SG
singapurskiego,SG
singapurskiej,SG
singapurskiemu,SG
singapurskim,SG
singapurskimi,SG
singapursko,SG
singapursku,SG
singapurską,SG
somalijscy,SO
somalijska,SO
somalijski,SO
somalijskich,SO
somalijskie,SO
somalijskiego,SO
somalijskiej,SO
somalijskiemu,SO
somalijskim,SO
somalijskimi,SO
somalijsko,SO
somalijsku,SO
somalijską,SO
suazyjscy,SZ
suazyjska,SZ
suazyjski,SZ
suazyjskich,SZ
suazyjskie,SZ
suazyjskiego,SZ
suazyjskiej,SZ
suazyjskiemu,SZ
suazyjskim,SZ
suazyjskimi,SZ
suazyjsko,SZ
suazyjsku,SZ
suazyjską,SZ
sudańscy,SD
sudańska,SD
sudański,SD
sudańskich,SD
sudańskie,SD
sudańskiego,SD
sudańskiej,SD
sudańskiemu,SD
sudańskim,SD
sudańskimi,SD
sudańsko,SD
sudańsku,SD
sudańską,SD
surinamscy,SR
surinamska,SR
surinamski,SR
surinamskich,SR
surinamskie,SR
surinamskiego,SR
surinamskiej,SR
surinamskiemu,SR
surinamskim,SR
surinamskimi,SR
surinamsko,SR
surinamsku,SR
surinamską,SR
syryjscy,SY
syryjska,SY
syryjski,SY
syryjskich,SY
syryjskie,SY
syryjskiego,SY
syryjskiej,SY
syryjskiemu,SY
syryjskim,SY
syryjskimi,SY
syryjsko,SY
syryjsku,SY
syryjską,SY
szkoccy,GB
szkocka,GB
szkocki,GB
szkockich,GB
szkockie,GB
szkockiego,GB
szkockiej,GB
szkockiemu,GB
szkockim,GB
szkockimi,GB
szkocko,GB
szkocku,GB
szkocką,GB
szwajcarscy,CH
szwajcarska,CH
szwajcarski,CH
szwajcarskich,CH
szwajcarskie,CH
szwajcarskiego,CH
szwajcarskiej,CH
szwajcarskiemu,CH
szwajcarskim,CH
szwajcarskimi,CH
szwajcarsko,CH
szwajcarsku,CH
szwajcarską,CH
szwedzcy,SE
szwedzka,SE
szwedzki,SE
szwedzkich,SE
szwedzkie,SE
szwedzkiego,SE
szwedzkiej,SE
szwedzkiemu,SE
szwedzkim,SE
szwedzkimi,SE
szwedzko,SE
szwedzku,SE
szwedzką,SE
słowaccy,SK
słowacka,SK
słowacki,SK
słowackich,SK
słowackie,SK
słowackiego,SK
słowackiej,SK
słowackiemu,SK
słowackim,SK
słowackimi,SK
słowacko,SK
słowacku,SK
słowacką,SK
słoweńscy,SI
słoweńska,SI
słoweński,SI
słoweńskich,SI
słoweńskie,SI
słoweńskiego,SI
słoweńskiej,SI
słoweńskiemu,SI
słoweńskim,SI
słoweńskimi,SI
słoweńsko,SI
słoweńsku,SI
słoweńską,SI
tajlandzcy,TH
tajlandzka,TH
tajlandzki,TH
tajlandzkich,TH
tajlandzkie,TH
tajlandzkiego,TH
tajlandzkiej,TH
tajlandzkiemu,TH
tajlandzkim,TH
tajlandzkimi,TH
tajlandzko,TH
tajlandzku,TH
tajlandzką,TH
togijscy,TG
togijska,TG
togijski,TG
togijskich,TG
togijskie,TG
togijskiego,TG
togijskiej,TG
togijskiemu,TG
togijskim,TG
togijskimi,TG
togijsko,TG
togijsku,TG
togijską,TG
tongijscy,TO
tongijska,TO
tongijski,TO
tongijskich,TO
tongijskie,TO
tongijskiego,TO
tongijskiej,TO
tongijskiemu,TO
tongijskim,TO
tongijskimi,TO
tongijsko,TO
tongijsku,TO
tongijską,TO
tunezyjscy,TN
tunezyjska,TN
tunezyjski,TN
tunezyjskich,TN
tunezyjskie,TN
tunezyjskiego,TN
tunezyjskiej,TN
tunezyjskiemu,TN
tunezyjskim,TN
tunezyjskimi,TN
tunezyjsko,TN
tunezyjsku,TN
tunezyjską,TN
turec,TR
tureccy,TR
turecka,TR
turecki,TR
tureckich,TR
tureckie,TR
tureckiego,TR
tureckiej,TR
tureckiemu,TR
tureckim,TR
tureckimi,TR
turecko,TR
turecku,TR
turecką,TR
turkm,TM
turkmeńscy,TM
turkmeńska,TM
turkmeński,TM
turkmeńskich,TM
turkmeńskie,TM
turkmeńskiego,TM
turkmeńskiej,TM
turkmeńskiemu,TM
turkmeńskim,TM
turkmeńskimi,TM
turkmeńsko,TM
turkmeńsku,TM
turkmeńską,TM
tuwalscy,TV
tuwalska,TV
tuwalski,TV
tuwalskich,TV
tuwalskie,TV
tuwalskiego,TV
tuwalskiej,TV
tuwalskiemu,TV
tuwalskim,TV
tuwalskimi,TV
tuwalsko,TV
tuwalsku,TV
tuwalską,TV
ugandyjscy,UG
ugandyjska,UG
ugandyjski,UG
ugandyjskich,UG
ugandyjskie,UG
ugandyjskiego,UG
ugandyjskiej,UG
ugandyjskiemu,UG
ugandyjskim,UG
ugandyjskimi,UG
ugandyjsko,UG
ugandyjsku,UG
ugandyjską,UG
ukr,UA
ukraińscy,UA
ukraińska,UA
ukraiński,UA
ukraińskich,UA
ukraińskie,UA
ukraińskiego,UA
ukraińskiej,UA
ukraińskiemu,UA
ukraińskim,UA
ukraińskimi,UA
ukraińsko,UA
ukraińsku,UA
ukraińską,UA
urugwajscy,UY
urugwajska,UY
urugwajski,UY
urugwajskich,UY
urugwajskie,UY
urugwajskiego,UY
urugwajskiej,UY
urugwajskiemu,UY
urugwajskim,UY
urugwajskimi,UY
urugwajsko,UY
urugwajsku,UY
urugwajską,UY
uzbeccy,UZ
uzbecka,UZ
uzbecki,UZ
uzbeckich,UZ
uzbeckie,UZ
uzbeckiego,UZ
uzbeckiej,UZ
uzbeckiemu,UZ
uzbeckim,UZ
uzbeckimi,UZ
uzbecko,UZ
uzbecku,UZ
uzbecką,UZ
walijscy,GB
walijska,GB
walijski,GB
walijskich,GB
walijskie,GB
walijskiego,GB
walijskiej,GB
walijskiemu,GB
walijskim,GB
walijskimi,GB
walijsko,GB
walijsku,GB
walijską,GB
watykańscy,VA
watykańska,VA
watykański,VA
watykańskich,VA
watykańskie,VA
watykańskiego,VA
watykańskiej,VA
watykańskiemu,VA
watykańskim,VA
watykańskimi,VA
watykańsko,VA
watykańsku,VA
watykańską,VA
wenezuelscy,VE
wenezuelska,VE
wenezuelski,VE
wenezuelskich,VE
wenezuelskie,VE
wenezuelskiego,VE
wenezuelskiej,VE
wenezuelskiemu,VE
wenezuelskim,VE
wenezuelskimi,VE
wenezuelsko,VE
wenezuelsku,VE
wenezuelską,VE
wietnamscy,VN
wietnamska,VN
wietnamski,VN
wietnamskich,VN
wietnamskie,VN
wietnamskiego,VN
wietnamskiej,VN
wietnamskiemu,VN
wietnamskim,VN
wietnamskimi,VN
wietnamsko,VN
wietnamsku,VN
wietnamską,VN
węg,HU
węgierscy,HU
węgierska,HU
węgierski,HU
węgierskich,HU
węgierskie,HU
węgierskiego,HU
węgierskiej,HU
węgierskiemu,HU
węgierskim,HU
węgierskimi,HU
węgiersko,HU
węgiersku,HU
węgierską,HU
włoscy,IT
włoska,IT
włoski,IT
włoskich,IT
włoskie,IT
włoskiego,IT
włoskiej,IT
włoskiemu,IT
włoskim,IT
włoskimi,IT
włosko,IT
włosku,IT
włoską,IT
zambijscy,ZM
zambijska,ZM
zambijski,ZM
zambijskich,ZM
zambijskie,ZM
zambijskiego,ZM
zambijskiej,ZM
zambijskiemu,ZM
zambijskim,ZM
zambijskimi,ZM
zambijsko,ZM
zambijsku,ZM
zambijską,ZM
zimbabwejscy,ZW
zimbabwejska,ZW
zimbabwejski,ZW
zimbabwejskich,ZW
zimbabwejskie,ZW
zimbabwejskiego,ZW
zimbabwejskiej,ZW
zimbabwejskiemu,ZW
zimbabwejskim,ZW
zimbabwejskimi,ZW
zimbabwejsko,ZW
zimbabwejsku,ZW
zimbabwejską,ZW
Łotw,LV
Łotwa,LV
Łotwach,LV
Łotwami,LV
Łotwie,LV
Łotwo,LV
Łotwom,LV
Łotwy,LV
Łotwą,LV
Łotwę,LV
Łotysz,LV
Łotysza,LV
Łotyszach,LV
Łotyszami,LV
Łotysze,LV
Łotyszem,LV
Łotyszom,LV
Łotyszowi,LV
Łotyszu,LV
Łotyszy,LV
Łotyszów,LV
łotewscy,LV
łotewska,LV
łotewski,LV
łotewskich,LV
łotewskie,LV
łotewskiego,LV
łotewskiej,LV
łotewskiemu,LV
łotewskim,LV
łotewskimi,LV
łotewsko,LV
łotewsku,LV
łotewską,LV
środkowoafrykańscy,CF
środkowoafrykańska,CF
środkowoafrykański,CF
środkowoafrykańskich,CF
środkowoafrykańskie,CF
środkowoafrykańskiego,CF
środkowoafrykańskiej,CF
środkowoafrykańskiemu,CF
środkowoafrykańskim,CF
środkowoafrykańskimi,CF
środkowoafrykańsko,CF
środkowoafrykańsku,CF
środkowoafrykańską,CF
